"","row.number","taxa","multiple_matches","wcvp_name"
"1",1,"Mimosa acacioides",FALSE,"Mimosa acacioides"
"2",2,"Mimosa acanthocarpa var. desmanthocarpa",FALSE,"Mimosa acanthocarpa var. desmanthocarpa"
"3",3,"Mimosa acanthocarpa",FALSE,"Mimosa acanthocarpa"
"4",4,"Mimosa acantholoba var. acantholoba",FALSE,"Mimosa acantholoba var. acantholoba"
"5",5,"Mimosa acantholoba var. eurycarpa",FALSE,"Mimosa acantholoba var. eurycarpa"
"6",6,"Mimosa acantholoba var. liesneri",FALSE,"Mimosa acantholoba var. liesneri"
"7",7,"Mimosa acantholoba var. molinarum",FALSE,"Mimosa acantholoba var. molinarum"
"8",8,"Mimosa acantholoba",FALSE,"Mimosa acantholoba"
"9",9,"Mimosa acantholoba var. platycarpa",FALSE,"Mimosa acantholoba var. platycarpa"
"10",10,"Mimosa acantholoba var. seticuspis",FALSE,"Mimosa acantholoba var. seticuspis"
"11",11,"Mimosa acanthophora",FALSE,"Mimosa acanthophora"
"12",12,"Mimosa acapulcensis",FALSE,"Mimosa acapulcensis"
"13",13,"Mimosa accedens",FALSE,"Mimosa accedens"
"14",16,"Mimosa acerba var. latifolia",FALSE,"Mimosa acerba var. latifolia"
"15",17,"Mimosa acerba",FALSE,"Mimosa acerba"
"16",19,"Mimosa acerba var. strigosa",FALSE,"Mimosa acerba var. strigosa"
"17",21,"Mimosa acerba var. latifolia",FALSE,"Mimosa acerba var. latifolia"
"18",22,"Mimosa acerba var. strigosa",FALSE,"Mimosa acerba var. strigosa"
"19",25,"Mimosa acroconica",FALSE,"Mimosa acroconica"
"20",27,"Mimosa aculeata",FALSE,"Mimosa aculeata"
"21",28,"Mimosa aculeaticarpa var. biuncifera",FALSE,"Mimosa aculeaticarpa var. biuncifera"
"22",29,"Mimosa aculeaticarpa var. desmanthocarpa",FALSE,"Mimosa aculeaticarpa var. desmanthocarpa"
"23",30,"Mimosa aculeaticarpa var. imparilis",FALSE,"Mimosa aculeaticarpa var. imparilis"
"24",31,"Mimosa aculeaticarpa",FALSE,"Mimosa aculeaticarpa"
"25",36,"Mimosa acutistipula var. acutistipula",FALSE,"Mimosa acutistipula var. acutistipula"
"26",37,"Mimosa acutistipula var. ferrea",FALSE,"Mimosa acutistipula var. ferrea"
"27",38,"Mimosa acutistipula",FALSE,"Mimosa acutistipula"
"28",39,"Mimosa acutistipula var. acutistipula",FALSE,"Mimosa acutistipula var. acutistipula"
"29",40,"Mimosa acutistipula var. ferrea",FALSE,"Mimosa acutistipula var. ferrea"
"30",41,"Mimosa adamantina var. adamantina",FALSE,"Mimosa adamantina var. adamantina"
"31",42,"Mimosa adamantina var. hebecarpa",FALSE,"Mimosa adamantina var. hebecarpa"
"32",43,"Mimosa adamantina",FALSE,"Mimosa adamantina"
"33",44,"Mimosa adamantina var. adamantina",FALSE,"Mimosa adamantina var. adamantina"
"34",45,"Mimosa adamantina var. hebecarpa",FALSE,"Mimosa adamantina var. hebecarpa"
"35",48,"Mimosa adenantheroides",FALSE,"Mimosa adenantheroides"
"36",49,"Mimosa adenocarpa",FALSE,"Mimosa adenocarpa"
"37",50,"Mimosa adenophylla var. armandiana",FALSE,"Mimosa adenophylla var. armandiana"
"38",51,"Mimosa adenophylla var. mitis",FALSE,"Mimosa adenophylla var. mitis"
"39",52,"Mimosa adenophylla",FALSE,"Mimosa adenophylla"
"40",53,"Mimosa adenophylla var. mitis",FALSE,"Mimosa adenophylla var. mitis"
"41",54,"Mimosa adenotricha",FALSE,"Mimosa adenotricha"
"42",56,"Mimosa adhaerens",TRUE,"Mimosa adhaerens"
"43",56,"Mimosa adhaerens",TRUE,"Mimosa adhaerens"
"44",59,"Mimosa adpressa",FALSE,"Mimosa adpressa"
"45",60,"Mimosa affinis",FALSE,"Mimosa affinis"
"46",61,"Mimosa afranioi",FALSE,"Mimosa afranioi"
"47",62,"Mimosa aguapeia",FALSE,"Mimosa aguapeia"
"48",63,"Mimosa albida var. aequatoriana",FALSE,"Mimosa albida var. aequatoriana"
"49",64,"Mimosa albida var. albida",FALSE,"Mimosa albida var. albida"
"50",65,"Mimosa albida var. erratica",FALSE,"Mimosa albida var. erratica"
"51",66,"Mimosa albida var. euryphylla",FALSE,"Mimosa albida var. euryphylla"
"52",67,"Mimosa albida var. floribunda",FALSE,"Mimosa albida var. floribunda"
"53",68,"Mimosa albida var. glabrior",FALSE,"Mimosa albida var. glabrior"
"54",69,"Mimosa albida",TRUE,"Mimosa albida"
"55",69,"Mimosa albida",TRUE,"Mimosa albida"
"56",70,"Mimosa albida var. pochutlensis",FALSE,"Mimosa albida var. pochutlensis"
"57",71,"Mimosa albida var. strigosa",FALSE,"Mimosa albida var. strigosa"
"58",72,"Mimosa albida var. willdenowii",FALSE,"Mimosa albida var. willdenowii"
"59",73,"Mimosa albolanata var. albolanata",FALSE,"Mimosa albolanata var. albolanata"
"60",74,"Mimosa albolanata var. brasiliana",FALSE,"Mimosa albolanata var. brasiliana"
"61",75,"Mimosa albolanata var. grossiceps",FALSE,"Mimosa albolanata var. grossiceps"
"62",76,"Mimosa albolanata",FALSE,"Mimosa albolanata"
"63",77,"Mimosa albolanata var. paucipinna",FALSE,"Mimosa albolanata var. paucipinna"
"64",78,"Mimosa albolanata var. brasiliana",FALSE,"Mimosa albolanata var. brasiliana"
"65",79,"Mimosa albolanata var. grossiceps",FALSE,"Mimosa albolanata var. grossiceps"
"66",80,"Mimosa albolanata var. paucipinna",FALSE,"Mimosa albolanata var. paucipinna"
"67",82,"Mimosa alegretense",FALSE,"Mimosa alegretense"
"68",84,"Mimosa alleniana",FALSE,"Mimosa alleniana"
"69",85,"Mimosa altoparanensis",FALSE,"Mimosa altoparanensis"
"70",86,"Mimosa amambayensis",FALSE,"Mimosa amambayensis"
"71",87,"Mimosa amnis-atri",FALSE,"Mimosa amnis-atri"
"72",89,"Mimosa amphigena var. glabrescens",FALSE,"Mimosa amphigena var. glabrescens"
"73",90,"Mimosa amphigena var. inermis",FALSE,"Mimosa amphigena var. inermis"
"74",91,"Mimosa amphigena",FALSE,"Mimosa amphigena"
"75",92,"Mimosa amphigena var. glabrescens",FALSE,"Mimosa amphigena var. glabrescens"
"76",93,"Mimosa andina",FALSE,"Mimosa andina"
"77",94,"Mimosa andreana",FALSE,"Mimosa andreana"
"78",95,"Mimosa andringitrensis",FALSE,"Mimosa andringitrensis"
"79",96,"Mimosa angusta",FALSE,"Mimosa angusta"
"80",98,"Mimosa angustisiliqua",TRUE,"Mimosa angustisiliqua"
"81",98,"Mimosa angustisiliqua",TRUE,"Mimosa angustisiliqua"
"82",99,"Mimosa annularis var. annularis",FALSE,"Mimosa annularis var. annularis"
"83",100,"Mimosa annularis",FALSE,"Mimosa annularis"
"84",101,"Mimosa annularis var. odora",FALSE,"Mimosa annularis var. odora"
"85",102,"Mimosa annularis var. xinguensis",FALSE,"Mimosa annularis var. xinguensis"
"86",103,"Mimosa antioquensis var. isthmensis",FALSE,"Mimosa antioquensis var. isthmensis"
"87",104,"Mimosa antioquensis",FALSE,"Mimosa antioquensis"
"88",105,"Mimosa antioquensis var. isthmensis",FALSE,"Mimosa antioquensis var. isthmensis"
"89",107,"Mimosa antrorsa",FALSE,"Mimosa antrorsa"
"90",108,"Mimosa aparadensis",FALSE,"Mimosa aparadensis"
"91",109,"Mimosa apodocarpa",FALSE,"Mimosa apodocarpa"
"92",112,"Mimosa arenosa var. arenosa",FALSE,"Mimosa arenosa var. arenosa"
"93",113,"Mimosa arenosa var. arenosa",FALSE,"Mimosa arenosa var. arenosa"
"94",114,"Mimosa arenosa var. leiocarpa",FALSE,"Mimosa arenosa var. leiocarpa"
"95",115,"Mimosa arenosa var. lysalgica",FALSE,"Mimosa arenosa var. lysalgica"
"96",116,"Mimosa arenosa",FALSE,"Mimosa arenosa"
"97",117,"Mimosa arenosa var. arenosa",FALSE,"Mimosa arenosa var. arenosa"
"98",118,"Mimosa arenosa var. lysalgica",FALSE,"Mimosa arenosa var. lysalgica"
"99",119,"Mimosa argentinensis",FALSE,"Mimosa argentinensis"
"100",120,"Mimosa argillicola",FALSE,"Mimosa argillicola"
"101",121,"Mimosa argillotropha",FALSE,"Mimosa argillotropha"
"102",123,"Mimosa artemisiana",FALSE,"Mimosa artemisiana"
"103",124,"Mimosa arturoana",FALSE,"Mimosa arturoana"
"104",125,"Mimosa aspera",FALSE,"Mimosa aspera"
"105",126,"Mimosa asperata var. cinerea",FALSE,"Mimosa asperata var. cinerea"
"106",127,"Mimosa asperata",FALSE,"Mimosa asperata"
"107",128,"Mimosa asperata var. scandens",FALSE,"Mimosa asperata var. scandens"
"108",129,"Mimosa asperoides",FALSE,"Mimosa asperoides"
"109",130,"Mimosa asperrima",FALSE,"Mimosa asperrima"
"110",131,"Mimosa atakta",FALSE,"Mimosa atakta"
"111",132,"Mimosa atlantica",FALSE,"Mimosa atlantica"
"112",133,"Mimosa aureliana",FALSE,"Mimosa aureliana"
"113",134,"Mimosa auriberbis",FALSE,"Mimosa auriberbis"
"114",135,"Mimosa auriculata",FALSE,"Mimosa auriculata"
"115",136,"Mimosa aurivillus var. aurivillus",FALSE,"Mimosa aurivillus var. aurivillus"
"116",137,"Mimosa aurivillus var. calothamnoides",FALSE,"Mimosa aurivillus var. calothamnoides"
"117",138,"Mimosa aurivillus var. calothamnos",FALSE,"Mimosa aurivillus var. calothamnos"
"118",140,"Mimosa aurivillus",FALSE,"Mimosa aurivillus"
"119",142,"Mimosa aurivillus var. sordescens",FALSE,"Mimosa aurivillus var. sordescens"
"120",143,"Mimosa aurivillus var. aurivillus",FALSE,"Mimosa aurivillus var. aurivillus"
"121",144,"Mimosa aurivillus var. calothamnoides",FALSE,"Mimosa aurivillus var. calothamnoides"
"122",145,"Mimosa aurivillus var. calothamnos",FALSE,"Mimosa aurivillus var. calothamnos"
"123",147,"Mimosa aurivillus var. sordescens",FALSE,"Mimosa aurivillus var. sordescens"
"124",149,"Mimosa aurivillus var. warmingii",FALSE,"Mimosa aurivillus var. warmingii"
"125",150,"Mimosa australis",FALSE,"Mimosa australis"
"126",151,"Mimosa axillarioides",FALSE,"Mimosa axillarioides"
"127",152,"Mimosa axillaris",FALSE,"Mimosa axillaris"
"128",153,"Mimosa azuensis",FALSE,"Mimosa azuensis"
"129",154,"Mimosa bahamensis",FALSE,"Mimosa bahamensis"
"130",156,"Mimosa balansae",FALSE,"Mimosa balansae"
"131",157,"Mimosa balansae var. pauperoides",FALSE,"Mimosa balansae var. pauperoides"
"132",158,"Mimosa balansae var. robusta",FALSE,"Mimosa balansae var. robusta"
"133",159,"Mimosa balansae var. rojasiana",FALSE,"Mimosa balansae var. rojasiana"
"134",160,"Mimosa balansae var. pauperoides",FALSE,"Mimosa balansae var. pauperoides"
"135",161,"Mimosa balduinii",FALSE,"Mimosa balduinii"
"136",162,"Mimosa baptistae",FALSE,"Mimosa baptistae"
"137",163,"Mimosa barberi",FALSE,"Mimosa barberi"
"138",164,"Mimosa barbigera var. erecta",FALSE,"Mimosa barbigera var. erecta"
"139",165,"Mimosa barbigera",FALSE,"Mimosa barbigera"
"140",166,"Mimosa barnebiana",FALSE,"Mimosa barnebiana"
"141",167,"Mimosa barrancana",FALSE,"Mimosa barrancana"
"142",168,"Mimosa barretoi",FALSE,"Mimosa barretoi"
"143",170,"Mimosa bathyrrhena",FALSE,"Mimosa bathyrrhena"
"144",172,"Mimosa bauhiniifolia",TRUE,"Mimosa bauhiniifolia"
"145",172,"Mimosa bauhiniifolia",TRUE,"Mimosa bauhiniifolia"
"146",174,"Mimosa benthamii var. malacocarpa",FALSE,"Mimosa benthamii var. malacocarpa"
"147",175,"Mimosa benthamii",FALSE,"Mimosa benthamii"
"148",176,"Mimosa berlandieri",FALSE,"Mimosa berlandieri"
"149",177,"Mimosa berroi",FALSE,"Mimosa berroi"
"150",178,"Mimosa bicolor",TRUE,"Mimosa bicolor"
"151",178,"Mimosa bicolor",TRUE,"Mimosa bicolor"
"152",180,"Mimosa bifurca var. bifurca",FALSE,"Mimosa bifurca var. bifurca"
"153",181,"Mimosa bifurca var. desmanthoides",FALSE,"Mimosa bifurca var. desmanthoides"
"154",182,"Mimosa bifurca var. hassleriana",FALSE,"Mimosa bifurca var. hassleriana"
"155",183,"Mimosa bifurca",FALSE,"Mimosa bifurca"
"156",185,"Mimosa bifurca var. reducta",FALSE,"Mimosa bifurca var. reducta"
"157",186,"Mimosa bifurca var. desmanthoides",FALSE,"Mimosa bifurca var. desmanthoides"
"158",187,"Mimosa bifurca var. hassleriana",FALSE,"Mimosa bifurca var. hassleriana"
"159",189,"Mimosa bifurca var. reducta",FALSE,"Mimosa bifurca var. reducta"
"160",190,"Mimosa bijuga",TRUE,"Mimosa bijuga"
"161",190,"Mimosa bijuga",TRUE,"Mimosa bijuga"
"162",193,"Mimosa bimucronata",FALSE,"Mimosa bimucronata"
"163",197,"Mimosa bipennatula",FALSE,"Mimosa bipennatula"
"164",199,"Mimosa bispiculata",FALSE,"Mimosa bispiculata"
"165",200,"Mimosa biuncifera var. flexuosa",FALSE,"Mimosa biuncifera var. flexuosa"
"166",201,"Mimosa biuncifera var. lindheimeri",FALSE,"Mimosa biuncifera var. lindheimeri"
"167",202,"Mimosa biuncifera",FALSE,"Mimosa biuncifera"
"168",203,"Mimosa blanchetii",FALSE,"Mimosa blanchetii"
"169",206,"Mimosa bocainae",FALSE,"Mimosa bocainae"
"170",207,"Mimosa boliviana",FALSE,"Mimosa boliviana"
"171",208,"Mimosa bombycina var. bombycina",FALSE,"Mimosa bombycina var. bombycina"
"172",209,"Mimosa bombycina",FALSE,"Mimosa bombycina"
"173",210,"Mimosa bombycina var. bombycina",FALSE,"Mimosa bombycina var. bombycina"
"174",211,"Mimosa bonplandii",FALSE,"Mimosa bonplandii"
"175",212,"Mimosa borboremae",FALSE,"Mimosa borboremae"
"176",213,"Mimosa borealis",FALSE,"Mimosa borealis"
"177",214,"Mimosa botucatuana",FALSE,"Mimosa botucatuana"
"178",215,"Mimosa bracaatinga var. aspericarpa",FALSE,"Mimosa bracaatinga var. aspericarpa"
"179",216,"Mimosa bracaatinga",FALSE,"Mimosa bracaatinga"
"180",218,"Mimosa brachycarpa",FALSE,"Mimosa brachycarpa"
"181",219,"Mimosa brachycarpoides",FALSE,"Mimosa brachycarpoides"
"182",221,"Mimosa brachystachya",FALSE,"Mimosa brachystachya"
"183",222,"Mimosa bracteolaris",FALSE,"Mimosa bracteolaris"
"184",223,"Mimosa brandegeei",FALSE,"Mimosa brandegeei"
"185",225,"Mimosa brevipes",FALSE,"Mimosa brevipes"
"186",226,"Mimosa brevipetiolata var. brevipetiolata",FALSE,"Mimosa brevipetiolata var. brevipetiolata"
"187",227,"Mimosa brevipetiolata var. hirtula",FALSE,"Mimosa brevipetiolata var. hirtula"
"188",228,"Mimosa brevipetiolata",FALSE,"Mimosa brevipetiolata"
"189",229,"Mimosa brevipetiolata var. pilosula",FALSE,"Mimosa brevipetiolata var. pilosula"
"190",230,"Mimosa brevipetiolata var. rojasiana",FALSE,"Mimosa brevipetiolata var. rojasiana"
"191",231,"Mimosa brevipetiolata var. hirtula",FALSE,"Mimosa brevipetiolata var. hirtula"
"192",232,"Mimosa brevipinna",FALSE,"Mimosa brevipinna"
"193",233,"Mimosa brevispica",FALSE,"Mimosa brevispica"
"194",234,"Mimosa brevispicata",FALSE,"Mimosa brevispicata"
"195",235,"Mimosa burchellii",FALSE,"Mimosa burchellii"
"196",236,"Mimosa burkartii",FALSE,"Mimosa burkartii"
"197",237,"Mimosa busseana",FALSE,"Mimosa busseana"
"198",238,"Mimosa caaguazuensis",FALSE,"Mimosa caaguazuensis"
"199",239,"Mimosa cabrera",FALSE,"Mimosa cabrera"
"200",240,"Mimosa caccavariana",FALSE,"Mimosa caccavariana"
"201",241,"Mimosa caduca",FALSE,"Mimosa caduca"
"202",242,"Mimosa caerulea",FALSE,"Mimosa caerulea"
"203",246,"Mimosa caesalpiniifolia",FALSE,"Mimosa caesalpiniifolia"
"204",248,"Mimosa cainguensis",FALSE,"Mimosa cainguensis"
"205",249,"Mimosa calcicola",FALSE,"Mimosa calcicola"
"206",250,"Mimosa calderonii",FALSE,"Mimosa calderonii"
"207",251,"Mimosa caliciadenia",FALSE,"Mimosa caliciadenia"
"208",252,"Mimosa calliandroides",FALSE,"Mimosa calliandroides"
"209",253,"Mimosa callidryas",FALSE,"Mimosa callidryas"
"210",254,"Mimosa callithrix",TRUE,"Mimosa callithrix"
"211",254,"Mimosa callithrix",TRUE,"Mimosa callithrix"
"212",255,"Mimosa callosa var. longiracemosa",FALSE,"Mimosa callosa var. longiracemosa"
"213",256,"Mimosa callosa var. microphylla",FALSE,"Mimosa callosa var. microphylla"
"214",257,"Mimosa callosa",FALSE,"Mimosa callosa"
"215",258,"Mimosa calocephala var. calocephala",FALSE,"Mimosa calocephala var. calocephala"
"216",259,"Mimosa calocephala",FALSE,"Mimosa calocephala"
"217",260,"Mimosa calocephala var. pohlii",FALSE,"Mimosa calocephala var. pohlii"
"218",261,"Mimosa calocephala var. calocephala",FALSE,"Mimosa calocephala var. calocephala"
"219",262,"Mimosa calocephala var. pohlii",FALSE,"Mimosa calocephala var. pohlii"
"220",263,"Mimosa calodendron var. leprosa",FALSE,"Mimosa calodendron var. leprosa"
"221",264,"Mimosa calodendron",FALSE,"Mimosa calodendron"
"222",267,"Mimosa calothamnos",FALSE,"Mimosa calothamnos"
"223",271,"Mimosa calycina",FALSE,"Mimosa calycina"
"224",273,"Mimosa campicola var. campicola",FALSE,"Mimosa campicola var. campicola"
"225",274,"Mimosa campicola",FALSE,"Mimosa campicola"
"226",275,"Mimosa campicola var. planipes",FALSE,"Mimosa campicola var. planipes"
"227",276,"Mimosa campicola var. campicola",FALSE,"Mimosa campicola var. campicola"
"228",277,"Mimosa campicola var. planipes",FALSE,"Mimosa campicola var. planipes"
"229",278,"Mimosa camporum",FALSE,"Mimosa camporum"
"230",279,"Mimosa canahuensis",FALSE,"Mimosa canahuensis"
"231",280,"Mimosa canastrensis",FALSE,"Mimosa canastrensis"
"232",281,"Mimosa candelabrum",FALSE,"Mimosa candelabrum"
"233",283,"Mimosa candollei",FALSE,"Mimosa candollei"
"234",287,"Mimosa capillipes var. microphylla",FALSE,"Mimosa capillipes var. microphylla"
"235",288,"Mimosa capillipes",FALSE,"Mimosa capillipes"
"236",290,"Mimosa capito",FALSE,"Mimosa capito"
"237",291,"Mimosa capuronii",FALSE,"Mimosa capuronii"
"238",293,"Mimosa carolina",FALSE,"Mimosa carolina"
"239",295,"Mimosa carvalhoi",FALSE,"Mimosa carvalhoi"
"240",297,"Mimosa casta",FALSE,"Mimosa casta"
"241",298,"Mimosa castanoclada",FALSE,"Mimosa castanoclada"
"242",299,"Mimosa cataractae",FALSE,"Mimosa cataractae"
"243",300,"Mimosa catharinensis",FALSE,"Mimosa catharinensis"
"244",302,"Mimosa centurionis",FALSE,"Mimosa centurionis"
"245",303,"Mimosa ceratonia var. ceratonia",FALSE,"Mimosa ceratonia var. ceratonia"
"246",304,"Mimosa ceratonia var. interior",FALSE,"Mimosa ceratonia var. interior"
"247",305,"Mimosa ceratonia",FALSE,"Mimosa ceratonia"
"248",308,"Mimosa ceratonia var. pseudo-obovata",FALSE,"Mimosa ceratonia var. pseudo-obovata"
"249",310,"Mimosa ceratonia var. interior",FALSE,"Mimosa ceratonia var. interior"
"250",311,"Mimosa ceratonia var. pseudo-obovata",FALSE,"Mimosa ceratonia var. pseudo-obovata"
"251",313,"Mimosa cerifera",FALSE,"Mimosa cerifera"
"252",314,"Mimosa chacoensis",FALSE,"Mimosa chacoensis"
"253",315,"Mimosa chaetocarpa",FALSE,"Mimosa chaetocarpa"
"254",316,"Mimosa chaetosphaera",FALSE,"Mimosa chaetosphaera"
"255",320,"Mimosa chartostegia",FALSE,"Mimosa chartostegia"
"256",322,"Mimosa chelata",FALSE,"Mimosa chelata"
"257",323,"Mimosa chiapensis",FALSE,"Mimosa chiapensis"
"258",324,"Mimosa chihuahuana",FALSE,"Mimosa chihuahuana"
"259",325,"Mimosa chiliomera",FALSE,"Mimosa chiliomera"
"260",327,"Mimosa chiquitaniensis",FALSE,"Mimosa chiquitaniensis"
"261",328,"Mimosa chochisensis",FALSE,"Mimosa chochisensis"
"262",329,"Mimosa chodatii",FALSE,"Mimosa chodatii"
"263",330,"Mimosa chrysantha",FALSE,"Mimosa chrysantha"
"264",332,"Mimosa chrysastra var. chrysastra",FALSE,"Mimosa chrysastra var. chrysastra"
"265",333,"Mimosa chrysastra var. itambeana",FALSE,"Mimosa chrysastra var. itambeana"
"266",334,"Mimosa chrysastra",FALSE,"Mimosa chrysastra"
"267",335,"Mimosa chrysothrix",FALSE,"Mimosa chrysothrix"
"268",336,"Mimosa cinerea",TRUE,"Mimosa cinerea"
"269",336,"Mimosa cinerea",TRUE,"Mimosa cinerea"
"270",336,"Mimosa cinerea",TRUE,"Mimosa cinerea"
"271",337,"Mimosa cisparanensis",FALSE,"Mimosa cisparanensis"
"272",339,"Mimosa claussenii var. claussenii",FALSE,"Mimosa claussenii var. claussenii"
"273",340,"Mimosa claussenii var. claviceps",FALSE,"Mimosa claussenii var. claviceps"
"274",341,"Mimosa claussenii var. corneiseta",FALSE,"Mimosa claussenii var. corneiseta"
"275",342,"Mimosa claussenii var. dolichopoda",FALSE,"Mimosa claussenii var. dolichopoda"
"276",343,"Mimosa claussenii var. megistophylla",FALSE,"Mimosa claussenii var. megistophylla"
"277",344,"Mimosa claussenii var. microphyllidia",FALSE,"Mimosa claussenii var. microphyllidia"
"278",345,"Mimosa claussenii",FALSE,"Mimosa claussenii"
"279",346,"Mimosa claussenii var. prorsiseta",FALSE,"Mimosa claussenii var. prorsiseta"
"280",348,"Mimosa claussenii var. pumila",FALSE,"Mimosa claussenii var. pumila"
"281",350,"Mimosa claussenii var. soderstromii",FALSE,"Mimosa claussenii var. soderstromii"
"282",352,"Mimosa claussenii var. claussenii",FALSE,"Mimosa claussenii var. claussenii"
"283",353,"Mimosa claussenii var. claviceps",FALSE,"Mimosa claussenii var. claviceps"
"284",354,"Mimosa claussenii var. corneiseta",FALSE,"Mimosa claussenii var. corneiseta"
"285",355,"Mimosa claussenii var. megistophylla",FALSE,"Mimosa claussenii var. megistophylla"
"286",356,"Mimosa claussenii var. microphyllidia",FALSE,"Mimosa claussenii var. microphyllidia"
"287",357,"Mimosa claussenii var. prorsiseta",FALSE,"Mimosa claussenii var. prorsiseta"
"288",358,"Mimosa claussenii var. pumila",FALSE,"Mimosa claussenii var. pumila"
"289",359,"Mimosa claussenii var. soderstromii",FALSE,"Mimosa claussenii var. soderstromii"
"290",360,"Mimosa claussenii var. vespertilionis",FALSE,"Mimosa claussenii var. vespertilionis"
"291",363,"Mimosa claussenii var. vespertilionis",FALSE,"Mimosa claussenii var. vespertilionis"
"292",364,"Mimosa coelho-de-moraesii",FALSE,"Mimosa coelho-de-moraesii"
"293",365,"Mimosa coelocarpa",FALSE,"Mimosa coelocarpa"
"294",366,"Mimosa colimensis",FALSE,"Mimosa colimensis"
"295",367,"Mimosa colombiana",FALSE,"Mimosa colombiana"
"296",368,"Mimosa concinna",TRUE,"Mimosa concinna"
"297",368,"Mimosa concinna",TRUE,"Mimosa concinna"
"298",371,"Mimosa conferta var. guaranitica",FALSE,"Mimosa conferta var. guaranitica"
"299",373,"Mimosa conferta",FALSE,"Mimosa conferta"
"300",376,"Mimosa congestifolia",FALSE,"Mimosa congestifolia"
"301",377,"Mimosa coniflora",FALSE,"Mimosa coniflora"
"302",378,"Mimosa conzattii",FALSE,"Mimosa conzattii"
"303",379,"Mimosa cordistipula",FALSE,"Mimosa cordistipula"
"304",380,"Mimosa cordistipula var. pubescens",FALSE,"Mimosa cordistipula var. pubescens"
"305",381,"Mimosa cordobensis",FALSE,"Mimosa cordobensis"
"306",382,"Mimosa coroncoro",FALSE,"Mimosa coroncoro"
"307",383,"Mimosa coruscocaesia",FALSE,"Mimosa coruscocaesia"
"308",384,"Mimosa corymbosa",FALSE,"Mimosa corymbosa"
"309",385,"Mimosa corynadenia",FALSE,"Mimosa corynadenia"
"310",386,"Mimosa costaricensis",FALSE,"Mimosa costaricensis"
"311",387,"Mimosa costenya",FALSE,"Mimosa costenya"
"312",388,"Mimosa craspedisetosa",FALSE,"Mimosa craspedisetosa"
"313",390,"Mimosa crassipes",FALSE,"Mimosa crassipes"
"314",393,"Mimosa cruenta var. glabra",FALSE,"Mimosa cruenta var. glabra"
"315",394,"Mimosa cruenta",FALSE,"Mimosa cruenta"
"316",395,"Mimosa cruenta var. glabra",FALSE,"Mimosa cruenta var. glabra"
"317",396,"Mimosa crumenarioides",FALSE,"Mimosa crumenarioides"
"318",397,"Mimosa cryptogloea",FALSE,"Mimosa cryptogloea"
"319",399,"Mimosa cryptothamnos",FALSE,"Mimosa cryptothamnos"
"320",400,"Mimosa ctenodes",FALSE,"Mimosa ctenodes"
"321",401,"Mimosa cuatrecasasii",FALSE,"Mimosa cuatrecasasii"
"322",402,"Mimosa cubatanensis",FALSE,"Mimosa cubatanensis"
"323",403,"Mimosa cuiabensis",FALSE,"Mimosa cuiabensis"
"324",404,"Mimosa custodis",FALSE,"Mimosa custodis"
"325",405,"Mimosa cuzcoana",FALSE,"Mimosa cuzcoana"
"326",406,"Mimosa cyclophylla",FALSE,"Mimosa cyclophylla"
"327",407,"Mimosa cylindracea",FALSE,"Mimosa cylindracea"
"328",408,"Mimosa dalea",FALSE,"Mimosa dalea"
"329",410,"Mimosa daleoides",FALSE,"Mimosa daleoides"
"330",411,"Mimosa daleoides var. paraguariensis",FALSE,"Mimosa daleoides var. paraguariensis"
"331",413,"Mimosa dalyi",FALSE,"Mimosa dalyi"
"332",415,"Mimosa dasilvae",FALSE,"Mimosa dasilvae"
"333",416,"Mimosa dasyphylla",FALSE,"Mimosa dasyphylla"
"334",417,"Mimosa deamii",FALSE,"Mimosa deamii"
"335",418,"Mimosa debilis var debilis",FALSE,"Mimosa debilis var. debilis"
"336",419,"Mimosa debilis var. aequatoriana",FALSE,"Mimosa debilis var. aequatoriana"
"337",421,"Mimosa debilis var. amnis-mortium",FALSE,"Mimosa debilis var. amnis-mortium"
"338",422,"Mimosa debilis var. angusta",FALSE,"Mimosa debilis var. angusta"
"339",424,"Mimosa debilis var. debilis",FALSE,"Mimosa debilis var. debilis"
"340",425,"Mimosa debilis",FALSE,"Mimosa debilis"
"341",427,"Mimosa debilis var. panamensis",FALSE,"Mimosa debilis var. panamensis"
"342",428,"Mimosa debilis var. parapitiensis",FALSE,"Mimosa debilis var. parapitiensis"
"343",429,"Mimosa debilis var. amnis-mortium",FALSE,"Mimosa debilis var. amnis-mortium"
"344",430,"Mimosa debilis var. debilis",FALSE,"Mimosa debilis var. debilis"
"345",431,"Mimosa debilis var. vestita",FALSE,"Mimosa debilis var. vestita"
"346",435,"Mimosa debilis var. vestita",FALSE,"Mimosa debilis var. vestita"
"347",436,"Mimosa deceptrix",FALSE,"Mimosa deceptrix"
"348",437,"Mimosa decorticans",FALSE,"Mimosa decorticans"
"349",438,"Mimosa decumbens",FALSE,"Mimosa decumbens"
"350",439,"Mimosa delicatula",TRUE,"Mimosa delicatula"
"351",439,"Mimosa delicatula",TRUE,"Mimosa delicatula"
"352",440,"Mimosa demissa",FALSE,"Mimosa demissa"
"353",442,"Mimosa densa var. alligantina",FALSE,"Mimosa densa var. alligantina"
"354",443,"Mimosa densa var. densa",FALSE,"Mimosa densa var. densa"
"355",444,"Mimosa densa",FALSE,"Mimosa densa"
"356",445,"Mimosa densa var. alligantina",FALSE,"Mimosa densa var. alligantina"
"357",446,"Mimosa densa var. densa",FALSE,"Mimosa densa var. densa"
"358",448,"Mimosa depauperata",FALSE,"Mimosa depauperata"
"359",449,"Mimosa desmanthoides",FALSE,"Mimosa desmanthoides"
"360",451,"Mimosa desmodioides",FALSE,"Mimosa desmodioides"
"361",452,"Mimosa detinens",FALSE,"Mimosa detinens"
"362",453,"Mimosa detonsa",FALSE,"Mimosa detonsa"
"363",454,"Mimosa diadema",FALSE,"Mimosa diadema"
"364",455,"Mimosa dicerastes",FALSE,"Mimosa dicerastes"
"365",456,"Mimosa dichroa",FALSE,"Mimosa dichroa"
"366",458,"Mimosa diffusa",FALSE,"Mimosa diffusa"
"367",459,"Mimosa digitata",FALSE,"Mimosa digitata"
"368",460,"Mimosa dimidiata",FALSE,"Mimosa dimidiata"
"369",461,"Mimosa diminuta",FALSE,"Mimosa diminuta"
"370",462,"Mimosa diplacantha",FALSE,"Mimosa diplacantha"
"371",463,"Mimosa diplotricha var. diplotricha",FALSE,"Mimosa diplotricha var. diplotricha"
"372",464,"Mimosa diplotricha var. inermis",FALSE,"Mimosa diplotricha var. inermis"
"373",465,"Mimosa diplotricha",FALSE,"Mimosa diplotricha"
"374",466,"Mimosa diplotricha var. odibilis",FALSE,"Mimosa diplotricha var. odibilis"
"375",467,"Mimosa diplotricha var. diplotricha",FALSE,"Mimosa diplotricha var. diplotricha"
"376",469,"Mimosa diptera",TRUE,"Mimosa diptera"
"377",469,"Mimosa diptera",TRUE,"Mimosa diptera"
"378",470,"Mimosa discobola",FALSE,"Mimosa discobola"
"379",472,"Mimosa discolor",TRUE,"Mimosa discolor"
"380",472,"Mimosa discolor",TRUE,"Mimosa discolor"
"381",472,"Mimosa discolor",TRUE,"Mimosa discolor"
"382",473,"Mimosa disperma",FALSE,"Mimosa disperma"
"383",474,"Mimosa distachya var. chamelae",FALSE,"Mimosa distachya var. chamelae"
"384",475,"Mimosa distachya var. distachya",FALSE,"Mimosa distachya var. distachya"
"385",476,"Mimosa distachya var. laxiflora",FALSE,"Mimosa distachya var. laxiflora"
"386",477,"Mimosa distachya",TRUE,"Mimosa distachya"
"387",477,"Mimosa distachya",TRUE,"Mimosa distachya"
"388",477,"Mimosa distachya",TRUE,"Mimosa distachya"
"389",478,"Mimosa distachya var. oligacantha",FALSE,"Mimosa distachya var. oligacantha"
"390",480,"Mimosa distans var. elongata",FALSE,"Mimosa distans var. elongata"
"391",481,"Mimosa distans",FALSE,"Mimosa distans"
"392",482,"Mimosa distans var. neuroloma",FALSE,"Mimosa distans var. neuroloma"
"393",483,"Mimosa distans var. paraguariensis",FALSE,"Mimosa distans var. paraguariensis"
"394",484,"Mimosa distans var. planaltinae",FALSE,"Mimosa distans var. planaltinae"
"395",485,"Mimosa distans var. quadripinna",FALSE,"Mimosa distans var. quadripinna"
"396",486,"Mimosa distans var. terezinae",FALSE,"Mimosa distans var. terezinae"
"397",488,"Mimosa distans var. elongata",FALSE,"Mimosa distans var. elongata"
"398",489,"Mimosa distans var. neuroloma",FALSE,"Mimosa distans var. neuroloma"
"399",490,"Mimosa distans var. planaltinae",FALSE,"Mimosa distans var. planaltinae"
"400",491,"Mimosa distans var. terezinae",FALSE,"Mimosa distans var. terezinae"
"401",493,"Mimosa diversifolia",FALSE,"Mimosa diversifolia"
"402",494,"Mimosa diversipila var. diversipila",FALSE,"Mimosa diversipila var. diversipila"
"403",495,"Mimosa diversipila",FALSE,"Mimosa diversipila"
"404",496,"Mimosa diversipila var. subglabriseta",FALSE,"Mimosa diversipila var. subglabriseta"
"405",497,"Mimosa dolens var. acerba",FALSE,"Mimosa dolens var. acerba"
"406",498,"Mimosa dolens var. anisitsii",FALSE,"Mimosa dolens var. anisitsii"
"407",500,"Mimosa dolens var. deterior",FALSE,"Mimosa dolens var. deterior"
"408",503,"Mimosa dolens var. foliolosa",FALSE,"Mimosa dolens var. foliolosa"
"409",506,"Mimosa dolens var. latifolia",FALSE,"Mimosa dolens var. latifolia"
"410",508,"Mimosa dolens",FALSE,"Mimosa dolens"
"411",509,"Mimosa dolens var. pangloea",FALSE,"Mimosa dolens var. pangloea"
"412",510,"Mimosa dolens var. pubescens",FALSE,"Mimosa dolens var. pubescens"
"413",511,"Mimosa dolens var. rigescens",FALSE,"Mimosa dolens var. rigescens"
"414",512,"Mimosa dolens var. rigida",FALSE,"Mimosa dolens var. rigida"
"415",514,"Mimosa dolens var. rudis",FALSE,"Mimosa dolens var. rudis"
"416",515,"Mimosa dolens var. uncta",FALSE,"Mimosa dolens var. uncta"
"417",516,"Mimosa dolens var. acerba",FALSE,"Mimosa dolens var. acerba"
"418",519,"Mimosa dolens var. foliolosa",FALSE,"Mimosa dolens var. foliolosa"
"419",520,"Mimosa dolens var. latifolia",FALSE,"Mimosa dolens var. latifolia"
"420",521,"Mimosa dolens var. rigida",FALSE,"Mimosa dolens var. rigida"
"421",522,"Mimosa dolens var. rudis",FALSE,"Mimosa dolens var. rudis"
"422",529,"Mimosa dominarum",FALSE,"Mimosa dominarum"
"423",530,"Mimosa domingensis",FALSE,"Mimosa domingensis"
"424",531,"Mimosa donnell-smithii",FALSE,"Mimosa donnell-smithii"
"425",532,"Mimosa dormiens",FALSE,"Mimosa dormiens"
"426",533,"Mimosa doylei",FALSE,"Mimosa doylei"
"427",534,"Mimosa dryandroides var. dryandroides",FALSE,"Mimosa dryandroides var. dryandroides"
"428",535,"Mimosa dryandroides var. extratropica",FALSE,"Mimosa dryandroides var. extratropica"
"429",536,"Mimosa dryandroides",FALSE,"Mimosa dryandroides"
"430",538,"Mimosa dryandroides var. extratropica",FALSE,"Mimosa dryandroides var. extratropica"
"431",540,"Mimosa duckei",FALSE,"Mimosa duckei"
"432",541,"Mimosa dumetaria",FALSE,"Mimosa dumetaria"
"433",542,"Mimosa dumetorum",FALSE,"Mimosa dumetorum"
"434",543,"Mimosa dupuyana",FALSE,"Mimosa dupuyana"
"435",544,"Mimosa dutrae",FALSE,"Mimosa dutrae"
"436",546,"Mimosa dysocarpa",FALSE,"Mimosa dysocarpa"
"437",547,"Mimosa dysocarpa var. wrightii",FALSE,"Mimosa dysocarpa var. wrightii"
"438",548,"Mimosa echinocarpa",FALSE,"Mimosa echinocarpa"
"439",549,"Mimosa echinocaula",FALSE,"Mimosa echinocaula"
"440",550,"Mimosa egregia",FALSE,"Mimosa egregia"
"441",551,"Mimosa ekmanii",FALSE,"Mimosa ekmanii"
"442",552,"Mimosa elliptica",FALSE,"Mimosa elliptica"
"443",553,"Mimosa elongata",FALSE,"Mimosa elongata"
"444",554,"Mimosa emaensis",FALSE,"Mimosa emaensis"
"445",555,"Mimosa emirnensis",FALSE,"Mimosa emirnensis"
"446",556,"Mimosa emoryana var. canescens",FALSE,"Mimosa emoryana var. canescens"
"447",557,"Mimosa emoryana var. chihuahuana",FALSE,"Mimosa emoryana var. chihuahuana"
"448",558,"Mimosa emoryana var. emoryana",FALSE,"Mimosa emoryana var. emoryana"
"449",559,"Mimosa emoryana",FALSE,"Mimosa emoryana"
"450",560,"Mimosa endlichii",FALSE,"Mimosa endlichii"
"451",561,"Mimosa entada",FALSE,"Mimosa entada"
"452",562,"Mimosa ephedroides",FALSE,"Mimosa ephedroides"
"453",563,"Mimosa epitropica",FALSE,"Mimosa epitropica"
"454",565,"Mimosa equisetum",FALSE,"Mimosa equisetum"
"455",566,"Mimosa eriocarpa",FALSE,"Mimosa eriocarpa"
"456",567,"Mimosa eriocaulis",FALSE,"Mimosa eriocaulis"
"457",568,"Mimosa eriophylla",FALSE,"Mimosa eriophylla"
"458",569,"Mimosa eriophylloides var. lanosa",FALSE,"Mimosa eriophylloides var. lanosa"
"459",570,"Mimosa eriophylloides",FALSE,"Mimosa eriophylloides"
"460",572,"Mimosa eriorrhachis",FALSE,"Mimosa eriorrhachis"
"461",575,"Mimosa ernestii",FALSE,"Mimosa ernestii"
"462",576,"Mimosa ervendbergii",FALSE,"Mimosa ervendbergii"
"463",579,"Mimosa eurycarpa",TRUE,"Mimosa eurycarpa"
"464",579,"Mimosa eurycarpa",TRUE,"Mimosa eurycarpa"
"465",580,"Mimosa eurycarpoides",FALSE,"Mimosa eurycarpoides"
"466",581,"Mimosa eurystegia",FALSE,"Mimosa eurystegia"
"467",582,"Mimosa exalbescens",FALSE,"Mimosa exalbescens"
"468",583,"Mimosa extensa var. extensa",FALSE,"Mimosa extensa var. extensa"
"469",584,"Mimosa extensa",FALSE,"Mimosa extensa"
"470",585,"Mimosa extensa var. extensa",FALSE,"Mimosa extensa var. extensa"
"471",586,"Mimosa extensissima",FALSE,"Mimosa extensissima"
"472",587,"Mimosa fachinalensis",FALSE,"Mimosa fachinalensis"
"473",588,"Mimosa fagaracantha",FALSE,"Mimosa fagaracantha"
"474",590,"Mimosa falcipinna",FALSE,"Mimosa falcipinna"
"475",591,"Mimosa falconis",FALSE,"Mimosa falconis"
"476",592,"Mimosa farinosa",FALSE,"Mimosa farinosa"
"477",593,"Mimosa farnesiana",FALSE,"Mimosa farnesiana"
"478",594,"Mimosa fascifolia",FALSE,"Mimosa fascifolia"
"479",595,"Mimosa fernandez-casasii",FALSE,"Mimosa fernandez-casasii"
"480",597,"Mimosa ferricola",FALSE,"Mimosa ferricola"
"481",598,"Mimosa ferrisiae",FALSE,"Mimosa ferrisiae"
"482",599,"Mimosa fervida",FALSE,"Mimosa fervida"
"483",600,"Mimosa fiebrigii",FALSE,"Mimosa fiebrigii"
"484",602,"Mimosa filiformis",FALSE,"Mimosa filiformis"
"485",603,"Mimosa filipes",TRUE,"Mimosa filipes"
"486",603,"Mimosa filipes",TRUE,"Mimosa filipes"
"487",604,"Mimosa filipetiola",FALSE,"Mimosa filipetiola"
"488",607,"Mimosa flabellifolia",FALSE,"Mimosa flabellifolia"
"489",608,"Mimosa flagellaris",FALSE,"Mimosa flagellaris"
"490",609,"Mimosa flavescens",FALSE,"Mimosa flavescens"
"491",610,"Mimosa flaviseta",FALSE,"Mimosa flaviseta"
"492",611,"Mimosa flavocaesia",FALSE,"Mimosa flavocaesia"
"493",612,"Mimosa flexuosa",TRUE,"Mimosa flexuosa"
"494",612,"Mimosa flexuosa",TRUE,"Mimosa flexuosa"
"495",612,"Mimosa flexuosa",TRUE,"Mimosa flexuosa"
"496",613,"Mimosa flocculosa",FALSE,"Mimosa flocculosa"
"497",615,"Mimosa floribunda",TRUE,"Mimosa floribunda"
"498",615,"Mimosa floribunda",TRUE,"Mimosa floribunda"
"499",616,"Mimosa floridana",FALSE,"Mimosa floridana"
"500",617,"Mimosa foliolosa var. antana",FALSE,"Mimosa foliolosa var. antana"
"501",618,"Mimosa foliolosa var. brevibractea",FALSE,"Mimosa foliolosa var. brevibractea"
"502",620,"Mimosa foliolosa var. brevipinna",FALSE,"Mimosa foliolosa var. brevipinna"
"503",621,"Mimosa foliolosa var. cercadoensis",FALSE,"Mimosa foliolosa var. cercadoensis"
"504",622,"Mimosa foliolosa var. corpulenta",FALSE,"Mimosa foliolosa var. corpulenta"
"505",623,"Mimosa foliolosa var. foederalis",FALSE,"Mimosa foliolosa var. foederalis"
"506",625,"Mimosa foliolosa var. franciscana",FALSE,"Mimosa foliolosa var. franciscana"
"507",626,"Mimosa foliolosa var. grandibractea",FALSE,"Mimosa foliolosa var. grandibractea"
"508",627,"Mimosa foliolosa var. gravida",FALSE,"Mimosa foliolosa var. gravida"
"509",628,"Mimosa foliolosa var. multipinna",FALSE,"Mimosa foliolosa var. multipinna"
"510",629,"Mimosa foliolosa",FALSE,"Mimosa foliolosa"
"511",630,"Mimosa foliolosa var. pachycarpa",FALSE,"Mimosa foliolosa var. pachycarpa"
"512",631,"Mimosa foliolosa var. paranani",FALSE,"Mimosa foliolosa var. paranani"
"513",632,"Mimosa foliolosa var. peregrina",FALSE,"Mimosa foliolosa var. peregrina"
"514",633,"Mimosa foliolosa var. pubescens",FALSE,"Mimosa foliolosa var. pubescens"
"515",634,"Mimosa foliolosa var. rigens",FALSE,"Mimosa foliolosa var. rigens"
"516",635,"Mimosa foliolosa var. antana",FALSE,"Mimosa foliolosa var. antana"
"517",636,"Mimosa foliolosa var. brevibractea",FALSE,"Mimosa foliolosa var. brevibractea"
"518",637,"Mimosa foliolosa var. brevipinna",FALSE,"Mimosa foliolosa var. brevipinna"
"519",638,"Mimosa foliolosa var. cercadoensis",FALSE,"Mimosa foliolosa var. cercadoensis"
"520",639,"Mimosa foliolosa var. foederalis",FALSE,"Mimosa foliolosa var. foederalis"
"521",641,"Mimosa foliolosa var. franciscana",FALSE,"Mimosa foliolosa var. franciscana"
"522",642,"Mimosa foliolosa var. grandibractea",FALSE,"Mimosa foliolosa var. grandibractea"
"523",643,"Mimosa foliolosa var. multipinna",FALSE,"Mimosa foliolosa var. multipinna"
"524",644,"Mimosa foliolosa var. pachycarpa",FALSE,"Mimosa foliolosa var. pachycarpa"
"525",645,"Mimosa foliolosa var. paranani",FALSE,"Mimosa foliolosa var. paranani"
"526",646,"Mimosa foliolosa var. peregrina",FALSE,"Mimosa foliolosa var. peregrina"
"527",647,"Mimosa foliolosa var. pubescens",FALSE,"Mimosa foliolosa var. pubescens"
"528",648,"Mimosa foliolosa var. rigens",FALSE,"Mimosa foliolosa var. rigens"
"529",649,"Mimosa foliolosa var. vernicosa",FALSE,"Mimosa foliolosa var. vernicosa"
"530",650,"Mimosa foliolosa var. viscidula",FALSE,"Mimosa foliolosa var. viscidula"
"531",655,"Mimosa foliolosa var. vernicosa",FALSE,"Mimosa foliolosa var. vernicosa"
"532",656,"Mimosa foliolosa var. viscidula",FALSE,"Mimosa foliolosa var. viscidula"
"533",661,"Mimosa franciscana",FALSE,"Mimosa franciscana"
"534",662,"Mimosa fuertensis",FALSE,"Mimosa fuertensis"
"535",664,"Mimosa furfuracea var. catharinensis",FALSE,"Mimosa furfuracea var. catharinensis"
"536",665,"Mimosa furfuracea",FALSE,"Mimosa furfuracea"
"537",666,"Mimosa furfuracea var. paranensis",FALSE,"Mimosa furfuracea var. paranensis"
"538",667,"Mimosa furfuracea var. catharinensis",FALSE,"Mimosa furfuracea var. catharinensis"
"539",669,"Mimosa galeottii",FALSE,"Mimosa galeottii"
"540",670,"Mimosa gardneri",FALSE,"Mimosa gardneri"
"541",671,"Mimosa gatesiae",FALSE,"Mimosa gatesiae"
"542",672,"Mimosa geminata",TRUE,"Mimosa geminata"
"543",672,"Mimosa geminata",TRUE,"Mimosa geminata"
"544",673,"Mimosa gemmulata var. adamantina",FALSE,"Mimosa gemmulata var. adamantina"
"545",675,"Mimosa gemmulata var. cristallina",FALSE,"Mimosa gemmulata var. cristallina"
"546",678,"Mimosa gemmulata",FALSE,"Mimosa gemmulata"
"547",679,"Mimosa gemmulata var. occidentalis",FALSE,"Mimosa gemmulata var. occidentalis"
"548",680,"Mimosa gemmulata var. segrex",FALSE,"Mimosa gemmulata var. segrex"
"549",681,"Mimosa gemmulata var. adamantina",FALSE,"Mimosa gemmulata var. adamantina"
"550",682,"Mimosa gemmulata var. cristallina",FALSE,"Mimosa gemmulata var. cristallina"
"551",684,"Mimosa gemmulata var. occidentalis",FALSE,"Mimosa gemmulata var. occidentalis"
"552",685,"Mimosa gemmulata var. segrex",FALSE,"Mimosa gemmulata var. segrex"
"553",688,"Mimosa gentryi",FALSE,"Mimosa gentryi"
"554",689,"Mimosa glabra",FALSE,"Mimosa glabra"
"555",690,"Mimosa glanduliseta",FALSE,"Mimosa glanduliseta"
"556",691,"Mimosa glaucescens",TRUE,"Mimosa glaucescens"
"557",691,"Mimosa glaucescens",TRUE,"Mimosa glaucescens"
"558",692,"Mimosa glaucula",FALSE,"Mimosa glaucula"
"559",694,"Mimosa glaziovii",FALSE,"Mimosa glaziovii"
"560",695,"Mimosa glutinosa",FALSE,"Mimosa glutinosa"
"561",697,"Mimosa glycyrrhizoides",FALSE,"Mimosa glycyrrhizoides"
"562",698,"Mimosa goldmanii",FALSE,"Mimosa goldmanii"
"563",699,"Mimosa gomezii",FALSE,"Mimosa gomezii"
"564",700,"Mimosa gonoclada",FALSE,"Mimosa gonoclada"
"565",701,"Mimosa goyazensis",FALSE,"Mimosa goyazensis"
"566",702,"Mimosa gracilipes",FALSE,"Mimosa gracilipes"
"567",703,"Mimosa gracilis var. brevissima",FALSE,"Mimosa gracilis var. brevissima"
"568",704,"Mimosa gracilis var. capillipes",FALSE,"Mimosa gracilis var. capillipes"
"569",705,"Mimosa gracilis var. filiformis",FALSE,"Mimosa gracilis var. filiformis"
"570",707,"Mimosa gracilis var. intermedia",FALSE,"Mimosa gracilis var. intermedia"
"571",708,"Mimosa gracilis var. invisiformis",FALSE,"Mimosa gracilis var. invisiformis"
"572",709,"Mimosa gracilis var. leiocarpa",FALSE,"Mimosa gracilis var. leiocarpa"
"573",710,"Mimosa gracilis var. longipes",FALSE,"Mimosa gracilis var. longipes"
"574",711,"Mimosa gracilis",FALSE,"Mimosa gracilis"
"575",712,"Mimosa gracilis var. stipitata",FALSE,"Mimosa gracilis var. stipitata"
"576",713,"Mimosa gracilis var. brevissima",FALSE,"Mimosa gracilis var. brevissima"
"577",714,"Mimosa gracilis var. capillipes",FALSE,"Mimosa gracilis var. capillipes"
"578",715,"Mimosa gracilis var. filiformis",FALSE,"Mimosa gracilis var. filiformis"
"579",717,"Mimosa gracilis var. invisiformis",FALSE,"Mimosa gracilis var. invisiformis"
"580",718,"Mimosa gracilis var. leiocarpa",FALSE,"Mimosa gracilis var. leiocarpa"
"581",719,"Mimosa gracilis var. longipes",FALSE,"Mimosa gracilis var. longipes"
"582",720,"Mimosa gracilis var. stipitata",FALSE,"Mimosa gracilis var. stipitata"
"583",721,"Mimosa gracilis var.Â brevissima",FALSE,"Mimosa gracilis var. brevissima"
"584",725,"Mimosa grahamii var. grahamii",FALSE,"Mimosa grahamii var. grahamii"
"585",726,"Mimosa grahamii var. lemmonii",FALSE,"Mimosa grahamii var. lemmonii"
"586",727,"Mimosa grahamii",FALSE,"Mimosa grahamii"
"587",728,"Mimosa grahamii var. prolifica",FALSE,"Mimosa grahamii var. prolifica"
"588",729,"Mimosa graminiformis",FALSE,"Mimosa graminiformis"
"589",730,"Mimosa grandidieri",FALSE,"Mimosa grandidieri"
"590",731,"Mimosa granitica",FALSE,"Mimosa granitica"
"591",732,"Mimosa guanacastensis",FALSE,"Mimosa guanacastensis"
"592",733,"Mimosa guanchezii",FALSE,"Mimosa guanchezii"
"593",734,"Mimosa guaranitica",FALSE,"Mimosa guaranitica"
"594",736,"Mimosa guatemalensis",FALSE,"Mimosa guatemalensis"
"595",737,"Mimosa guaviarensis",FALSE,"Mimosa guaviarensis"
"596",738,"Mimosa guianensis",FALSE,"Mimosa guianensis"
"597",739,"Mimosa guilandinae var. cuatrecasasii",FALSE,"Mimosa guilandinae var. cuatrecasasii"
"598",740,"Mimosa guilandinae var. duckei",FALSE,"Mimosa guilandinae var. duckei"
"599",741,"Mimosa guilandinae var. extensissima",FALSE,"Mimosa guilandinae var. extensissima"
"600",742,"Mimosa guilandinae var. guilandinae",FALSE,"Mimosa guilandinae var. guilandinae"
"601",744,"Mimosa guilandinae",FALSE,"Mimosa guilandinae"
"602",745,"Mimosa guilandinae var. paterata",FALSE,"Mimosa guilandinae var. paterata"
"603",746,"Mimosa guilandinae var. spruceana",FALSE,"Mimosa guilandinae var. spruceana"
"604",747,"Mimosa guilandinae var. duckei",FALSE,"Mimosa guilandinae var. duckei"
"605",748,"Mimosa guilandinae var. spruceana",FALSE,"Mimosa guilandinae var. spruceana"
"606",749,"Mimosa guirocobensis",FALSE,"Mimosa guirocobensis"
"607",751,"Mimosa gymnas",FALSE,"Mimosa gymnas"
"608",752,"Mimosa gymnoloma",FALSE,"Mimosa gymnoloma"
"609",754,"Mimosa haavoa",FALSE,"Mimosa haavoa"
"610",755,"Mimosa haavoa var. peltieri",FALSE,"Mimosa haavoa var. peltieri"
"611",756,"Mimosa habbas",FALSE,"Mimosa habbas"
"612",758,"Mimosa hadrocarpa",FALSE,"Mimosa hadrocarpa"
"613",759,"Mimosa hafomantsina",FALSE,"Mimosa hafomantsina"
"614",761,"Mimosa hamata",FALSE,"Mimosa hamata"
"615",762,"Mimosa hapaloclada",FALSE,"Mimosa hapaloclada"
"616",765,"Mimosa hassleriana",FALSE,"Mimosa hassleriana"
"617",766,"Mimosa hassleriana var. reducta",FALSE,"Mimosa hassleriana var. reducta"
"618",769,"Mimosa hatschbachii",FALSE,"Mimosa hatschbachii"
"619",770,"Mimosa hebecarpa",FALSE,"Mimosa hebecarpa"
"620",771,"Mimosa hebeclada",FALSE,"Mimosa hebeclada"
"621",772,"Mimosa hemiendyta",FALSE,"Mimosa hemiendyta"
"622",773,"Mimosa herincquiana",FALSE,"Mimosa herincquiana"
"623",774,"Mimosa heringeri",FALSE,"Mimosa heringeri"
"624",775,"Mimosa heterocarpa",FALSE,"Mimosa heterocarpa"
"625",776,"Mimosa heterophylla",TRUE,"Mimosa heterophylla"
"626",776,"Mimosa heterophylla",TRUE,"Mimosa heterophylla"
"627",776,"Mimosa heterophylla",TRUE,"Mimosa heterophylla"
"628",777,"Mimosa heterotricha",FALSE,"Mimosa heterotricha"
"629",778,"Mimosa hexandra",FALSE,"Mimosa hexandra"
"630",779,"Mimosa hilariana",FALSE,"Mimosa hilariana"
"631",781,"Mimosa hildebrandtii",FALSE,"Mimosa hildebrandtii"
"632",782,"Mimosa himalayana",FALSE,"Mimosa himalayana"
"633",783,"Mimosa hirsuta",TRUE,"Mimosa hirsuta"
"634",783,"Mimosa hirsuta",TRUE,"Mimosa hirsuta"
"635",784,"Mimosa hirsuticaulis",FALSE,"Mimosa hirsuticaulis"
"636",785,"Mimosa hirsutissima var. barbigera",FALSE,"Mimosa hirsutissima var. barbigera"
"637",788,"Mimosa hirsutissima var. grossa",FALSE,"Mimosa hirsutissima var. grossa"
"638",789,"Mimosa hirsutissima var. hirsutissima",FALSE,"Mimosa hirsutissima var. hirsutissima"
"639",790,"Mimosa hirsutissima",FALSE,"Mimosa hirsutissima"
"640",791,"Mimosa hirsutissima var. barbigera",FALSE,"Mimosa hirsutissima var. barbigera"
"641",792,"Mimosa hirsutissima var. grossa",FALSE,"Mimosa hirsutissima var. grossa"
"642",793,"Mimosa hirsutissima var. hirsutissima",FALSE,"Mimosa hirsutissima var. hirsutissima"
"643",796,"Mimosa hirta",FALSE,"Mimosa hirta"
"644",798,"Mimosa hoehneana",FALSE,"Mimosa hoehneana"
"645",799,"Mimosa hondurana",FALSE,"Mimosa hondurana"
"646",800,"Mimosa honesta",FALSE,"Mimosa honesta"
"647",801,"Mimosa hortensis",FALSE,"Mimosa hortensis"
"648",802,"Mimosa hostilis",FALSE,"Mimosa hostilis"
"649",803,"Mimosa hostmannii",FALSE,"Mimosa hostmannii"
"650",804,"Mimosa huanchacae",FALSE,"Mimosa huanchacae"
"651",805,"Mimosa huberi",FALSE,"Mimosa huberi"
"652",806,"Mimosa humifusa",FALSE,"Mimosa humifusa"
"653",807,"Mimosa humilis",FALSE,"Mimosa humilis"
"654",808,"Mimosa humivagans",FALSE,"Mimosa humivagans"
"655",810,"Mimosa hypnodes",FALSE,"Mimosa hypnodes"
"656",811,"Mimosa hypoglauca var. allostegia",FALSE,"Mimosa hypoglauca var. allostegia"
"657",812,"Mimosa hypoglauca var. dawsonii",FALSE,"Mimosa hypoglauca var. dawsonii"
"658",813,"Mimosa hypoglauca var. hypoglauca",FALSE,"Mimosa hypoglauca var. hypoglauca"
"659",814,"Mimosa hypoglauca",FALSE,"Mimosa hypoglauca"
"660",815,"Mimosa hypoglauca var. syncollandra",FALSE,"Mimosa hypoglauca var. syncollandra"
"661",816,"Mimosa hypoglauca var. allostegia",FALSE,"Mimosa hypoglauca var. allostegia"
"662",817,"Mimosa hypoglauca var. dawsonii",FALSE,"Mimosa hypoglauca var. dawsonii"
"663",818,"Mimosa hypoglauca var. hypoglauca",FALSE,"Mimosa hypoglauca var. hypoglauca"
"664",819,"Mimosa hypoglauca var. syncollandra",FALSE,"Mimosa hypoglauca var. syncollandra"
"665",822,"Mimosa hystricina",FALSE,"Mimosa hystricina"
"666",823,"Mimosa hystricosa",FALSE,"Mimosa hystricosa"
"667",824,"Mimosa ikondensis",FALSE,"Mimosa ikondensis"
"668",825,"Mimosa imbricata var. multijuga",FALSE,"Mimosa imbricata var. multijuga"
"669",826,"Mimosa imbricata",FALSE,"Mimosa imbricata"
"670",827,"Mimosa implexa",FALSE,"Mimosa implexa"
"671",829,"Mimosa incana",FALSE,"Mimosa incana"
"672",832,"Mimosa incarum",FALSE,"Mimosa incarum"
"673",833,"Mimosa incurialis",FALSE,"Mimosa incurialis"
"674",835,"Mimosa insidiosa var. insidiosa",FALSE,"Mimosa insidiosa var. insidiosa"
"675",836,"Mimosa insidiosa var. major",FALSE,"Mimosa insidiosa var. major"
"676",837,"Mimosa insidiosa",TRUE,"Mimosa insidiosa"
"677",837,"Mimosa insidiosa",TRUE,"Mimosa insidiosa"
"678",838,"Mimosa insidiosa var. insidiosa",FALSE,"Mimosa insidiosa var. insidiosa"
"679",840,"Mimosa insidiosoides",FALSE,"Mimosa insidiosoides"
"680",842,"Mimosa insignis",FALSE,"Mimosa insignis"
"681",843,"Mimosa interrupta",FALSE,"Mimosa interrupta"
"682",844,"Mimosa intricata",FALSE,"Mimosa intricata"
"683",845,"Mimosa invisa var. inermis",TRUE,"Mimosa invisa var. inermis"
"684",845,"Mimosa invisa var. inermis",TRUE,"Mimosa invisa var. inermis"
"685",847,"Mimosa invisa var. macrostachya",FALSE,"Mimosa invisa var. macrostachya"
"686",848,"Mimosa invisa",TRUE,"Mimosa invisa"
"687",848,"Mimosa invisa",TRUE,"Mimosa invisa"
"688",849,"Mimosa invisa var. spiciflora",FALSE,"Mimosa invisa var. spiciflora"
"689",850,"Mimosa invisa var. tovarensis",FALSE,"Mimosa invisa var. tovarensis"
"690",852,"Mimosa invisa var. macrostachya",FALSE,"Mimosa invisa var. macrostachya"
"691",855,"Mimosa involucrata",FALSE,"Mimosa involucrata"
"692",856,"Mimosa ionema",FALSE,"Mimosa ionema"
"693",857,"Mimosa iperoensis var. iperoensis",FALSE,"Mimosa iperoensis var. iperoensis"
"694",858,"Mimosa iperoensis",FALSE,"Mimosa iperoensis"
"695",859,"Mimosa iperoensis var. paradenia",FALSE,"Mimosa iperoensis var. paradenia"
"696",860,"Mimosa irrigua",FALSE,"Mimosa irrigua"
"697",861,"Mimosa irwinii",FALSE,"Mimosa irwinii"
"698",862,"Mimosa isthmensis",FALSE,"Mimosa isthmensis"
"699",864,"Mimosa itatiaiensis",FALSE,"Mimosa itatiaiensis"
"700",865,"Mimosa ixiamensis",FALSE,"Mimosa ixiamensis"
"701",866,"Mimosa jacobita",FALSE,"Mimosa jacobita"
"702",867,"Mimosa jaenensis",FALSE,"Mimosa jaenensis"
"703",869,"Mimosa josephina",FALSE,"Mimosa josephina"
"704",870,"Mimosa kalunga",FALSE,"Mimosa kalunga"
"705",871,"Mimosa kitrokala",FALSE,"Mimosa kitrokala"
"706",872,"Mimosa kuhnisteroides",FALSE,"Mimosa kuhnisteroides"
"707",874,"Mimosa lacerata",FALSE,"Mimosa lacerata"
"708",879,"Mimosa lactiflua",FALSE,"Mimosa lactiflua"
"709",880,"Mimosa laevigata",FALSE,"Mimosa laevigata"
"710",882,"Mimosa lamolina",FALSE,"Mimosa lamolina"
"711",884,"Mimosa lanata",FALSE,"Mimosa lanata"
"712",885,"Mimosa langlassei",FALSE,"Mimosa langlassei"
"713",886,"Mimosa laniceps",FALSE,"Mimosa laniceps"
"714",887,"Mimosa lanuginosa var. lanuginosa",FALSE,"Mimosa lanuginosa var. lanuginosa"
"715",888,"Mimosa lanuginosa",FALSE,"Mimosa lanuginosa"
"716",889,"Mimosa lanuginosa var. raduliformis",FALSE,"Mimosa lanuginosa var. raduliformis"
"717",890,"Mimosa lanuginosa var. lanuginosa",FALSE,"Mimosa lanuginosa var. lanuginosa"
"718",892,"Mimosa lasiocarpa",FALSE,"Mimosa lasiocarpa"
"719",893,"Mimosa lasiocephala",FALSE,"Mimosa lasiocephala"
"720",894,"Mimosa lasiophylla",FALSE,"Mimosa lasiophylla"
"721",895,"Mimosa laticifera",FALSE,"Mimosa laticifera"
"722",896,"Mimosa latidens",FALSE,"Mimosa latidens"
"723",897,"Mimosa latispinosa",FALSE,"Mimosa latispinosa"
"724",898,"Mimosa lawranceana",FALSE,"Mimosa lawranceana"
"725",899,"Mimosa laxiflora",FALSE,"Mimosa laxiflora"
"726",901,"Mimosa leimonias",FALSE,"Mimosa leimonias"
"727",902,"Mimosa leiocarpa",TRUE,"Mimosa leiocarpa"
"728",902,"Mimosa leiocarpa",TRUE,"Mimosa leiocarpa"
"729",903,"Mimosa leiocephala",FALSE,"Mimosa leiocephala"
"730",904,"Mimosa lemmonii",FALSE,"Mimosa lemmonii"
"731",905,"Mimosa lemniscata",FALSE,"Mimosa lemniscata"
"732",906,"Mimosa lentiscifolia",FALSE,"Mimosa lentiscifolia"
"733",907,"Mimosa lepidophora",FALSE,"Mimosa lepidophora"
"734",908,"Mimosa lepidorepens",FALSE,"Mimosa lepidorepens"
"735",909,"Mimosa lepidota",FALSE,"Mimosa lepidota"
"736",910,"Mimosa leprosa var. leprosa",FALSE,"Mimosa leprosa var. leprosa"
"737",911,"Mimosa leprosa",FALSE,"Mimosa leprosa"
"738",912,"Mimosa leprosa var. parviceps",FALSE,"Mimosa leprosa var. parviceps"
"739",913,"Mimosa leprosa var. leprosa",FALSE,"Mimosa leprosa var. leprosa"
"740",914,"Mimosa leprosa var. parviceps",FALSE,"Mimosa leprosa var. parviceps"
"741",915,"Mimosa leptantha",FALSE,"Mimosa leptantha"
"742",916,"Mimosa leptocarpa",FALSE,"Mimosa leptocarpa"
"743",917,"Mimosa leptocaulis",FALSE,"Mimosa leptocaulis"
"744",920,"Mimosa leptorhachis",FALSE,"Mimosa leptorhachis"
"745",921,"Mimosa leucaenoides",FALSE,"Mimosa leucaenoides"
"746",922,"Mimosa leucocephala",FALSE,"Mimosa leucocephala"
"747",924,"Mimosa levenensis",FALSE,"Mimosa levenensis"
"748",925,"Mimosa lewisii",FALSE,"Mimosa lewisii"
"749",926,"Mimosa lignosa",FALSE,"Mimosa lignosa"
"750",927,"Mimosa limana",FALSE,"Mimosa limana"
"751",928,"Mimosa lindheimeri",FALSE,"Mimosa lindheimeri"
"752",929,"Mimosa lindleyi",FALSE,"Mimosa lindleyi"
"753",930,"Mimosa lingvatouana",FALSE,"Mimosa lingvatouana"
"754",931,"Mimosa lithoreas",FALSE,"Mimosa lithoreas"
"755",934,"Mimosa longepedunculata",FALSE,"Mimosa longepedunculata"
"756",935,"Mimosa longepetiolata",FALSE,"Mimosa longepetiolata"
"757",936,"Mimosa longicaulis",FALSE,"Mimosa longicaulis"
"758",937,"Mimosa longipes",FALSE,"Mimosa longipes"
"759",938,"Mimosa longiracemosa",FALSE,"Mimosa longiracemosa"
"760",939,"Mimosa longistipula",FALSE,"Mimosa longistipula"
"761",940,"Mimosa loxensis",FALSE,"Mimosa loxensis"
"762",941,"Mimosa luciana",FALSE,"Mimosa luciana"
"763",942,"Mimosa lucidula",FALSE,"Mimosa lucidula"
"764",943,"Mimosa luisana",FALSE,"Mimosa luisana"
"765",944,"Mimosa lundiana",FALSE,"Mimosa lundiana"
"766",946,"Mimosa lupinoides",FALSE,"Mimosa lupinoides"
"767",947,"Mimosa lupulina",FALSE,"Mimosa lupulina"
"768",948,"Mimosa lusoria",FALSE,"Mimosa lusoria"
"769",949,"Mimosa macedoana var. glabrescens",FALSE,"Mimosa macedoana var. glabrescens"
"770",950,"Mimosa macedoana var. macedoana",FALSE,"Mimosa macedoana var. macedoana"
"771",951,"Mimosa macedoana",FALSE,"Mimosa macedoana"
"772",952,"Mimosa macedoana var. macedoana",FALSE,"Mimosa macedoana var. macedoana"
"773",953,"Mimosa macrocalyx var. macrocalyx",FALSE,"Mimosa macrocalyx var. macrocalyx"
"774",954,"Mimosa macrocalyx",FALSE,"Mimosa macrocalyx"
"775",955,"Mimosa macrocalyx var. pectinata",FALSE,"Mimosa macrocalyx var. pectinata"
"776",956,"Mimosa macrocephala",FALSE,"Mimosa macrocephala"
"777",957,"Mimosa macropogon",FALSE,"Mimosa macropogon"
"778",958,"Mimosa macrostachya",TRUE,"Mimosa macrostachya"
"779",958,"Mimosa macrostachya",TRUE,"Mimosa macrostachya"
"780",959,"Mimosa magentea",FALSE,"Mimosa magentea"
"781",960,"Mimosa maguirei",FALSE,"Mimosa maguirei"
"782",961,"Mimosa mahilakensis",FALSE,"Mimosa mahilakensis"
"783",962,"Mimosa mainaea",FALSE,"Mimosa mainaea"
"784",963,"Mimosa malacocarpa",FALSE,"Mimosa malacocarpa"
"785",964,"Mimosa malacocentra",FALSE,"Mimosa malacocentra"
"786",965,"Mimosa malacophylla var. glabrata",FALSE,"Mimosa malacophylla var. glabrata"
"787",966,"Mimosa malacophylla",FALSE,"Mimosa malacophylla"
"788",967,"Mimosa manidea",FALSE,"Mimosa manidea"
"789",968,"Mimosa manomboensis",FALSE,"Mimosa manomboensis"
"790",969,"Mimosa mansii",FALSE,"Mimosa mansii"
"791",970,"Mimosa manzanilloana",FALSE,"Mimosa manzanilloana"
"792",975,"Mimosa maracayuensis",FALSE,"Mimosa maracayuensis"
"793",978,"Mimosa margaritae",FALSE,"Mimosa margaritae"
"794",979,"Mimosa martensis",FALSE,"Mimosa martensis"
"795",981,"Mimosa martin-delcampoi",FALSE,"Mimosa martin-delcampoi"
"796",982,"Mimosa maxonii",FALSE,"Mimosa maxonii"
"797",983,"Mimosa mazatlana",FALSE,"Mimosa mazatlana"
"798",984,"Mimosa medioxima",FALSE,"Mimosa medioxima"
"799",986,"Mimosa melanocarpa",FALSE,"Mimosa melanocarpa"
"800",987,"Mimosa mellii",FALSE,"Mimosa mellii"
"801",989,"Mimosa menabeensis var. lapiazicola",FALSE,"Mimosa menabeensis var. lapiazicola"
"802",990,"Mimosa menabeensis var. menabeensis",FALSE,"Mimosa menabeensis var. menabeensis"
"803",991,"Mimosa menabeensis",FALSE,"Mimosa menabeensis"
"804",992,"Mimosa mensicola",FALSE,"Mimosa mensicola"
"805",995,"Mimosa meticulosa var. microphylla",FALSE,"Mimosa meticulosa var. microphylla"
"806",996,"Mimosa meticulosa",FALSE,"Mimosa meticulosa"
"807",1000,"Mimosa mexiquitensis",FALSE,"Mimosa mexiquitensis"
"808",1001,"Mimosa micheliana",FALSE,"Mimosa micheliana"
"809",1002,"Mimosa micracantha",FALSE,"Mimosa micracantha"
"810",1003,"Mimosa micrantha",FALSE,"Mimosa micrantha"
"811",1004,"Mimosa microcarpa",FALSE,"Mimosa microcarpa"
"812",1005,"Mimosa microcephala var. cataractae",FALSE,"Mimosa microcephala var. cataractae"
"813",1006,"Mimosa microcephala var. communis",FALSE,"Mimosa microcephala var. communis"
"814",1007,"Mimosa microcephala var. lumaria",FALSE,"Mimosa microcephala var. lumaria"
"815",1009,"Mimosa microcephala var. mituensis",FALSE,"Mimosa microcephala var. mituensis"
"816",1010,"Mimosa microcephala",FALSE,"Mimosa microcephala"
"817",1012,"Mimosa microphylla",TRUE,"Mimosa microphylla"
"818",1012,"Mimosa microphylla",TRUE,"Mimosa microphylla"
"819",1012,"Mimosa microphylla",TRUE,"Mimosa microphylla"
"820",1012,"Mimosa microphylla",TRUE,"Mimosa microphylla"
"821",1012,"Mimosa microphylla",TRUE,"Mimosa microphylla"
"822",1013,"Mimosa micropteris var. micropteris",FALSE,"Mimosa micropteris var. micropteris"
"823",1014,"Mimosa micropteris",FALSE,"Mimosa micropteris"
"824",1015,"Mimosa micropteris var. pungens",FALSE,"Mimosa micropteris var. pungens"
"825",1016,"Mimosa micropteris var. micropteris",FALSE,"Mimosa micropteris var. micropteris"
"826",1018,"Mimosa millefoliata var. glaberrima",FALSE,"Mimosa millefoliata var. glaberrima"
"827",1019,"Mimosa millefoliata",FALSE,"Mimosa millefoliata"
"828",1021,"Mimosa minarum",FALSE,"Mimosa minarum"
"829",1023,"Mimosa minutifolia",FALSE,"Mimosa minutifolia"
"830",1024,"Mimosa miranda",FALSE,"Mimosa miranda"
"831",1025,"Mimosa misera var. misera",FALSE,"Mimosa misera var. misera"
"832",1026,"Mimosa misera",FALSE,"Mimosa misera"
"833",1027,"Mimosa misera var. subinermis",FALSE,"Mimosa misera var. subinermis"
"834",1028,"Mimosa misera var. misera",FALSE,"Mimosa misera var. misera"
"835",1029,"Mimosa misera var. subinermis",FALSE,"Mimosa misera var. subinermis"
"836",1030,"Mimosa mitzi",FALSE,"Mimosa mitzi"
"837",1031,"Mimosa mixtecana",FALSE,"Mimosa mixtecana"
"838",1032,"Mimosa modesta var. modesta",FALSE,"Mimosa modesta var. modesta"
"839",1033,"Mimosa modesta",FALSE,"Mimosa modesta"
"840",1034,"Mimosa modesta var. ursinoides",FALSE,"Mimosa modesta var. ursinoides"
"841",1035,"Mimosa modesta var. ursinoides",FALSE,"Mimosa modesta var. ursinoides"
"842",1036,"Mimosa modesta var. modesta",FALSE,"Mimosa modesta var. modesta"
"843",1037,"Mimosa modesta var. ursinoides",FALSE,"Mimosa modesta var. ursinoides"
"844",1038,"Mimosa mogolensis",FALSE,"Mimosa mogolensis"
"845",1040,"Mimosa mollis",FALSE,"Mimosa mollis"
"846",1041,"Mimosa monacensis",FALSE,"Mimosa monacensis"
"847",1042,"Mimosa monadelpha var. glabrata",FALSE,"Mimosa monadelpha var. glabrata"
"848",1044,"Mimosa monadelpha var. hirsutopuberula",FALSE,"Mimosa monadelpha var. hirsutopuberula"
"849",1046,"Mimosa monadelpha",TRUE,"Mimosa monadelpha"
"850",1046,"Mimosa monadelpha",TRUE,"Mimosa monadelpha"
"851",1047,"Mimosa monancistra",FALSE,"Mimosa monancistra"
"852",1048,"Mimosa moniliformis",FALSE,"Mimosa moniliformis"
"853",1050,"Mimosa montana var. montana",FALSE,"Mimosa montana var. montana"
"854",1051,"Mimosa montana",TRUE,"Mimosa montana"
"855",1051,"Mimosa montana",TRUE,"Mimosa montana"
"856",1052,"Mimosa montana var. sandemanii",FALSE,"Mimosa montana var. sandemanii"
"857",1053,"Mimosa monticola var. monticola",FALSE,"Mimosa monticola var. monticola"
"858",1054,"Mimosa monticola",FALSE,"Mimosa monticola"
"859",1055,"Mimosa monticola var. schwackeana",FALSE,"Mimosa monticola var. schwackeana"
"860",1056,"Mimosa monticola var. schwackeana",FALSE,"Mimosa monticola var. schwackeana"
"861",1058,"Mimosa monticola var. schwackeana",FALSE,"Mimosa monticola var. schwackeana"
"862",1060,"Mimosa montis-carasae",FALSE,"Mimosa montis-carasae"
"863",1061,"Mimosa moreliensis",FALSE,"Mimosa moreliensis"
"864",1062,"Mimosa morongii",FALSE,"Mimosa morongii"
"865",1063,"Mimosa morroensis",FALSE,"Mimosa morroensis"
"866",1064,"Mimosa mossambicensis",FALSE,"Mimosa mossambicensis"
"867",1065,"Mimosa multiceps",FALSE,"Mimosa multiceps"
"868",1066,"Mimosa multiglandulosa",FALSE,"Mimosa multiglandulosa"
"869",1068,"Mimosa multipinna var. microphylla",FALSE,"Mimosa multipinna var. microphylla"
"870",1069,"Mimosa multipinna",FALSE,"Mimosa multipinna"
"871",1071,"Mimosa multiplex",FALSE,"Mimosa multiplex"
"872",1073,"Mimosa murex",FALSE,"Mimosa murex"
"873",1074,"Mimosa myriacantha",FALSE,"Mimosa myriacantha"
"874",1076,"Mimosa myriadenia var. desquamata",FALSE,"Mimosa myriadenia var. desquamata"
"875",1077,"Mimosa myriadenia var. dispersa",FALSE,"Mimosa myriadenia var. dispersa"
"876",1078,"Mimosa myriadenia var. egena",FALSE,"Mimosa myriadenia var. egena"
"877",1079,"Mimosa myriadenia var. myriadenia",FALSE,"Mimosa myriadenia var. myriadenia"
"878",1080,"Mimosa myriadenia",FALSE,"Mimosa myriadenia"
"879",1081,"Mimosa myriadenia var. punctulata",FALSE,"Mimosa myriadenia var. punctulata"
"880",1082,"Mimosa myriocephala",FALSE,"Mimosa myriocephala"
"881",1083,"Mimosa myrioglandulosa",FALSE,"Mimosa myrioglandulosa"
"882",1084,"Mimosa myriophylla",FALSE,"Mimosa myriophylla"
"883",1085,"Mimosa myuros",FALSE,"Mimosa myuros"
"884",1086,"Mimosa nanchititlana",FALSE,"Mimosa nanchititlana"
"885",1088,"Mimosa nelsonii",FALSE,"Mimosa nelsonii"
"886",1089,"Mimosa neonitens",FALSE,"Mimosa neonitens"
"887",1091,"Mimosa neptunioides",FALSE,"Mimosa neptunioides"
"888",1093,"Mimosa nervosa var. longipila",FALSE,"Mimosa nervosa var. longipila"
"889",1094,"Mimosa nervosa",FALSE,"Mimosa nervosa"
"890",1095,"Mimosa nervosa var. villosissima",FALSE,"Mimosa nervosa var. villosissima"
"891",1096,"Mimosa neuroloma",FALSE,"Mimosa neuroloma"
"892",1098,"Mimosa niederleinii",FALSE,"Mimosa niederleinii"
"893",1100,"Mimosa niederleinii var. pseudolepidota",FALSE,"Mimosa niederleinii var. pseudolepidota"
"894",1101,"Mimosa niederleinii var. riograndensis",FALSE,"Mimosa niederleinii var. riograndensis"
"895",1103,"Mimosa niederleinii var. pseudolepidota",FALSE,"Mimosa niederleinii var. pseudolepidota"
"896",1104,"Mimosa niederleinii var. riograndensis",FALSE,"Mimosa niederleinii var. riograndensis"
"897",1106,"Mimosa nigra",FALSE,"Mimosa nigra"
"898",1107,"Mimosa nigricans",TRUE,"Mimosa nigricans"
"899",1107,"Mimosa nigricans",TRUE,"Mimosa nigricans"
"900",1108,"Mimosa niomarlei",FALSE,"Mimosa niomarlei"
"901",1109,"Mimosa nitens",FALSE,"Mimosa nitens"
"902",1110,"Mimosa nitidula",FALSE,"Mimosa nitidula"
"903",1111,"Mimosa nossibiensis",FALSE,"Mimosa nossibiensis"
"904",1112,"Mimosa nossibiensis var. nossibiensis",FALSE,"Mimosa nossibiensis var. nossibiensis"
"905",1113,"Mimosa nossibiensis var. pubescens",FALSE,"Mimosa nossibiensis var. pubescens"
"906",1114,"Mimosa notata",FALSE,"Mimosa notata"
"907",1115,"Mimosa nothacacia",FALSE,"Mimosa nothacacia"
"908",1116,"Mimosa nothopteris",FALSE,"Mimosa nothopteris"
"909",1117,"Mimosa nuda var. angusta",FALSE,"Mimosa nuda var. angusta"
"910",1118,"Mimosa nuda var. glaberrima",FALSE,"Mimosa nuda var. glaberrima"
"911",1119,"Mimosa nuda var. gracilipes",FALSE,"Mimosa nuda var. gracilipes"
"912",1120,"Mimosa nuda",FALSE,"Mimosa nuda"
"913",1122,"Mimosa nuda var. ramosa",FALSE,"Mimosa nuda var. ramosa"
"914",1123,"Mimosa nuda var. angusta",FALSE,"Mimosa nuda var. angusta"
"915",1124,"Mimosa nuda var. glaberrima",FALSE,"Mimosa nuda var. glaberrima"
"916",1126,"Mimosa nuda var. ramosa",FALSE,"Mimosa nuda var. ramosa"
"917",1127,"Mimosa nuttallii",FALSE,"Mimosa nuttallii"
"918",1128,"Mimosa nycteridis",FALSE,"Mimosa nycteridis"
"919",1129,"Mimosa oaxacana",FALSE,"Mimosa oaxacana"
"920",1130,"Mimosa oblonga",FALSE,"Mimosa oblonga"
"921",1131,"Mimosa oblonga var. oblonga",FALSE,"Mimosa oblonga var. oblonga"
"922",1132,"Mimosa oblonga var. pinetorum",FALSE,"Mimosa oblonga var. pinetorum"
"923",1133,"Mimosa oblonga var. oblonga",FALSE,"Mimosa oblonga var. oblonga"
"924",1134,"Mimosa obovata",TRUE,"Mimosa obovata"
"925",1134,"Mimosa obovata",TRUE,"Mimosa obovata"
"926",1135,"Mimosa obstrigosa",FALSE,"Mimosa obstrigosa"
"927",1136,"Mimosa obtusifolia",TRUE,"Mimosa obtusifolia"
"928",1136,"Mimosa obtusifolia",TRUE,"Mimosa obtusifolia"
"929",1137,"Mimosa occidentalis",TRUE,"Mimosa occidentalis"
"930",1137,"Mimosa occidentalis",TRUE,"Mimosa occidentalis"
"931",1138,"Mimosa occidentalis var. novogaliciana",FALSE,"Mimosa occidentalis var. novogaliciana"
"932",1139,"Mimosa oedoclada",FALSE,"Mimosa oedoclada"
"933",1140,"Mimosa oligacantha",FALSE,"Mimosa oligacantha"
"934",1141,"Mimosa oligophylla",FALSE,"Mimosa oligophylla"
"935",1142,"Mimosa oligosperma",FALSE,"Mimosa oligosperma"
"936",1143,"Mimosa onilahensis",FALSE,"Mimosa onilahensis"
"937",1146,"Mimosa ophthalmocentra",FALSE,"Mimosa ophthalmocentra"
"938",1148,"Mimosa orbignyana",FALSE,"Mimosa orbignyana"
"939",1149,"Mimosa orinocoensis",FALSE,"Mimosa orinocoensis"
"940",1151,"Mimosa orthacantha",FALSE,"Mimosa orthacantha"
"941",1153,"Mimosa orthocarpa",FALSE,"Mimosa orthocarpa"
"942",1154,"Mimosa osmarii",FALSE,"Mimosa osmarii"
"943",1155,"Mimosa ostenii",FALSE,"Mimosa ostenii"
"944",1156,"Mimosa ourobrancoensis",FALSE,"Mimosa ourobrancoensis"
"945",1158,"Mimosa pabstiana",FALSE,"Mimosa pabstiana"
"946",1159,"Mimosa pachycarpa",FALSE,"Mimosa pachycarpa"
"947",1160,"Mimosa pachycarpoides",FALSE,"Mimosa pachycarpoides"
"948",1161,"Mimosa palmeri",FALSE,"Mimosa palmeri"
"949",1162,"Mimosa palmetorum",FALSE,"Mimosa palmetorum"
"950",1163,"Mimosa paludosa",FALSE,"Mimosa paludosa"
"951",1166,"Mimosa panamensis",FALSE,"Mimosa panamensis"
"952",1167,"Mimosa paniculata",TRUE,"Mimosa paniculata"
"953",1167,"Mimosa paniculata",TRUE,"Mimosa paniculata"
"954",1167,"Mimosa paniculata",TRUE,"Mimosa paniculata"
"955",1167,"Mimosa paniculata",TRUE,"Mimosa paniculata"
"956",1169,"Mimosa papposa",FALSE,"Mimosa papposa"
"957",1170,"Mimosa papposa var. papposa",FALSE,"Mimosa papposa var. papposa"
"958",1171,"Mimosa papposa var. segrex",FALSE,"Mimosa papposa var. segrex"
"959",1172,"Mimosa papposa var. uninervis",FALSE,"Mimosa papposa var. uninervis"
"960",1173,"Mimosa papposa var. papposa",FALSE,"Mimosa papposa var. papposa"
"961",1174,"Mimosa papposa var. segrex",FALSE,"Mimosa papposa var. segrex"
"962",1175,"Mimosa paraguariae var. chacoensis",FALSE,"Mimosa paraguariae var. chacoensis"
"963",1177,"Mimosa paraguariae var. induta",FALSE,"Mimosa paraguariae var. induta"
"964",1178,"Mimosa paraguariae",FALSE,"Mimosa paraguariae"
"965",1179,"Mimosa paraguariae var. paraguariae",FALSE,"Mimosa paraguariae var. paraguariae"
"966",1180,"Mimosa paraguariae var. tomentosa",FALSE,"Mimosa paraguariae var. tomentosa"
"967",1182,"Mimosa paraibana",FALSE,"Mimosa paraibana"
"968",1183,"Mimosa paranapiacabae",FALSE,"Mimosa paranapiacabae"
"969",1184,"Mimosa parviceps",FALSE,"Mimosa parviceps"
"970",1186,"Mimosa parvifolia",TRUE,"Mimosa parvifolia"
"971",1186,"Mimosa parvifolia",TRUE,"Mimosa parvifolia"
"972",1187,"Mimosa parvipinna",FALSE,"Mimosa parvipinna"
"973",1188,"Mimosa paucifolia",FALSE,"Mimosa paucifolia"
"974",1189,"Mimosa paucifolia var. paucifolia",FALSE,"Mimosa paucifolia var. paucifolia"
"975",1190,"Mimosa paucifolia var. scoparia",FALSE,"Mimosa paucifolia var. scoparia"
"976",1191,"Mimosa paucifolia var. paucifolia",FALSE,"Mimosa paucifolia var. paucifolia"
"977",1192,"Mimosa paucifolia var. scoparia",FALSE,"Mimosa paucifolia var. scoparia"
"978",1193,"Mimosa paucifoliolata",FALSE,"Mimosa paucifoliolata"
"979",1194,"Mimosa paucijuga",FALSE,"Mimosa paucijuga"
"980",1195,"Mimosa pauciseta",FALSE,"Mimosa pauciseta"
"981",1196,"Mimosa pauli",FALSE,"Mimosa pauli"
"982",1197,"Mimosa paupera var. dives",FALSE,"Mimosa paupera var. dives"
"983",1199,"Mimosa paupera",FALSE,"Mimosa paupera"
"984",1200,"Mimosa paupera var. paupera",FALSE,"Mimosa paupera var. paupera"
"985",1201,"Mimosa paupera var. paupera",FALSE,"Mimosa paupera var. paupera"
"986",1204,"Mimosa pauperoides",FALSE,"Mimosa pauperoides"
"987",1205,"Mimosa pectinata",TRUE,"Mimosa pectinata"
"988",1205,"Mimosa pectinata",TRUE,"Mimosa pectinata"
"989",1206,"Mimosa pectinatipinna",FALSE,"Mimosa pectinatipinna"
"990",1208,"Mimosa pedersenii",FALSE,"Mimosa pedersenii"
"991",1209,"Mimosa peduncularis",FALSE,"Mimosa peduncularis"
"992",1210,"Mimosa peduncularis var. rufescens",FALSE,"Mimosa peduncularis var. rufescens"
"993",1211,"Mimosa pedunculosa",FALSE,"Mimosa pedunculosa"
"994",1212,"Mimosa pellita var. dehiscens",FALSE,"Mimosa pellita var. dehiscens"
"995",1213,"Mimosa pellita",FALSE,"Mimosa pellita"
"996",1217,"Mimosa per-dusenii",FALSE,"Mimosa per-dusenii"
"997",1218,"Mimosa peregrina",TRUE,"Mimosa peregrina"
"998",1218,"Mimosa peregrina",TRUE,"Mimosa peregrina"
"999",1220,"Mimosa perplicata",FALSE,"Mimosa perplicata"
"1000",1221,"Mimosa petiolaris",FALSE,"Mimosa petiolaris"
"1001",1222,"Mimosa petraea",FALSE,"Mimosa petraea"
"1002",1223,"Mimosa phyllodinea",FALSE,"Mimosa phyllodinea"
"1003",1224,"Mimosa phyllodinea var. phyllodinea",FALSE,"Mimosa phyllodinea var. phyllodinea"
"1004",1225,"Mimosa phyllodinea var. phyllorrhoea",FALSE,"Mimosa phyllodinea var. phyllorrhoea"
"1005",1226,"Mimosa phyllodinea var. phyllodinea",FALSE,"Mimosa phyllodinea var. phyllodinea"
"1006",1228,"Mimosa phyllodinea var. phyllorrhoea",FALSE,"Mimosa phyllodinea var. phyllorrhoea"
"1007",1231,"Mimosa pigra var. berlandieri",FALSE,"Mimosa pigra var. berlandieri"
"1008",1232,"Mimosa pigra var. dehiscens",FALSE,"Mimosa pigra var. dehiscens"
"1009",1233,"Mimosa pigra var. hispida",FALSE,"Mimosa pigra var. hispida"
"1010",1234,"Mimosa pigra",FALSE,"Mimosa pigra"
"1011",1235,"Mimosa pigra var. pigra",FALSE,"Mimosa pigra var. pigra"
"1012",1236,"Mimosa pigra var. dehiscens",FALSE,"Mimosa pigra var. dehiscens"
"1013",1237,"Mimosa pigra var. pigra",FALSE,"Mimosa pigra var. pigra"
"1014",1245,"Mimosa pilulifera",FALSE,"Mimosa pilulifera"
"1015",1246,"Mimosa pilulifera var. pilulifera",FALSE,"Mimosa pilulifera var. pilulifera"
"1016",1247,"Mimosa pilulifera var. pseudincana",FALSE,"Mimosa pilulifera var. pseudincana"
"1017",1248,"Mimosa pilulifera var. pseudincana",FALSE,"Mimosa pilulifera var. pseudincana"
"1018",1250,"Mimosa pilulifera var. pilulifera",FALSE,"Mimosa pilulifera var. pilulifera"
"1019",1252,"Mimosa pilulifera var. pseudincana",FALSE,"Mimosa pilulifera var. pseudincana"
"1020",1254,"Mimosa pinetorum",FALSE,"Mimosa pinetorum"
"1021",1256,"Mimosa piptoptera",FALSE,"Mimosa piptoptera"
"1022",1257,"Mimosa piresii",FALSE,"Mimosa piresii"
"1023",1259,"Mimosa piscatorum",FALSE,"Mimosa piscatorum"
"1024",1263,"Mimosa pithecolobioides",FALSE,"Mimosa pithecolobioides"
"1025",1265,"Mimosa planitei",FALSE,"Mimosa planitei"
"1026",1266,"Mimosa platycarpa var. liesneri",FALSE,"Mimosa platycarpa var. liesneri"
"1027",1267,"Mimosa platycarpa",TRUE,"Mimosa platycarpa"
"1028",1267,"Mimosa platycarpa",TRUE,"Mimosa platycarpa"
"1029",1268,"Mimosa platycarpa var. platycarpa",FALSE,"Mimosa platycarpa var. platycarpa"
"1030",1269,"Mimosa platyloma",FALSE,"Mimosa platyloma"
"1031",1270,"Mimosa platyphylla",FALSE,"Mimosa platyphylla"
"1032",1271,"Mimosa plena",FALSE,"Mimosa plena"
"1033",1274,"Mimosa plumosa",FALSE,"Mimosa plumosa"
"1034",1275,"Mimosa poculata",FALSE,"Mimosa poculata"
"1035",1276,"Mimosa pogocephala",FALSE,"Mimosa pogocephala"
"1036",1277,"Mimosa pogonoclada",FALSE,"Mimosa pogonoclada"
"1037",1278,"Mimosa pohlii",FALSE,"Mimosa pohlii"
"1038",1280,"Mimosa polyacantha",FALSE,"Mimosa polyacantha"
"1039",1281,"Mimosa polyancistra",FALSE,"Mimosa polyancistra"
"1040",1283,"Mimosa polyantha var. levior",FALSE,"Mimosa polyantha var. levior"
"1041",1284,"Mimosa polyantha",FALSE,"Mimosa polyantha"
"1042",1285,"Mimosa polyanthoides",FALSE,"Mimosa polyanthoides"
"1043",1286,"Mimosa polycarpa",FALSE,"Mimosa polycarpa"
"1044",1287,"Mimosa polycarpa var. polycarpa",FALSE,"Mimosa polycarpa var. polycarpa"
"1045",1288,"Mimosa polycarpa var. redundans",FALSE,"Mimosa polycarpa var. redundans"
"1046",1291,"Mimosa polycarpa var. spegazzinii",FALSE,"Mimosa polycarpa var. spegazzinii"
"1047",1294,"Mimosa polycarpa var. subandina",FALSE,"Mimosa polycarpa var. subandina"
"1048",1296,"Mimosa polycarpa var. spegazzinii",FALSE,"Mimosa polycarpa var. spegazzinii"
"1049",1299,"Mimosa polycephala",FALSE,"Mimosa polycephala"
"1050",1300,"Mimosa polycephala var. polycephala",FALSE,"Mimosa polycephala var. polycephala"
"1051",1301,"Mimosa polycephala var. taxifolia",FALSE,"Mimosa polycephala var. taxifolia"
"1052",1302,"Mimosa polycephala var. polycephala",FALSE,"Mimosa polycephala var. polycephala"
"1053",1303,"Mimosa polycephala var. taxifolia",FALSE,"Mimosa polycephala var. taxifolia"
"1054",1304,"Mimosa polychaeta",FALSE,"Mimosa polychaeta"
"1055",1305,"Mimosa polydactyla",FALSE,"Mimosa polydactyla"
"1056",1307,"Mimosa polydidyma",FALSE,"Mimosa polydidyma"
"1057",1308,"Mimosa polyphylla",FALSE,"Mimosa polyphylla"
"1058",1309,"Mimosa polystachya",FALSE,"Mimosa polystachya"
"1059",1310,"Mimosa porrecta",FALSE,"Mimosa porrecta"
"1060",1311,"Mimosa portoricensis",FALSE,"Mimosa portoricensis"
"1061",1312,"Mimosa potosina",FALSE,"Mimosa potosina"
"1062",1313,"Mimosa pratincola",FALSE,"Mimosa pratincola"
"1063",1315,"Mimosa pringlei var. graminetorum",FALSE,"Mimosa pringlei var. graminetorum"
"1064",1316,"Mimosa pringlei",FALSE,"Mimosa pringlei"
"1065",1317,"Mimosa pringlei var. pringlei",FALSE,"Mimosa pringlei var. pringlei"
"1066",1318,"Mimosa prionopus",FALSE,"Mimosa prionopus"
"1067",1319,"Mimosa procurrens",FALSE,"Mimosa procurrens"
"1068",1320,"Mimosa prolifica",FALSE,"Mimosa prolifica"
"1069",1321,"Mimosa prorepens",FALSE,"Mimosa prorepens"
"1070",1322,"Mimosa pseudincana var. discolor",FALSE,"Mimosa pseudincana var. discolor"
"1071",1323,"Mimosa pseudincana",FALSE,"Mimosa pseudincana"
"1072",1324,"Mimosa pseudincana var. discolor",FALSE,"Mimosa pseudincana var. discolor"
"1073",1325,"Mimosa pseudo-obovata",FALSE,"Mimosa pseudo-obovata"
"1074",1327,"Mimosa pseudocallosa",FALSE,"Mimosa pseudocallosa"
"1075",1329,"Mimosa pseudofoliolosa",FALSE,"Mimosa pseudofoliolosa"
"1076",1334,"Mimosa pseudolepidota",FALSE,"Mimosa pseudolepidota"
"1077",1335,"Mimosa pseudopaniculata",FALSE,"Mimosa pseudopaniculata"
"1078",1336,"Mimosa pseudopetiolaris",FALSE,"Mimosa pseudopetiolaris"
"1079",1337,"Mimosa pseudoracemosa",FALSE,"Mimosa pseudoracemosa"
"1080",1338,"Mimosa pseudoradula var. crystallites",FALSE,"Mimosa pseudoradula var. crystallites"
"1081",1339,"Mimosa pseudoradula var. detonsa",FALSE,"Mimosa pseudoradula var. detonsa"
"1082",1340,"Mimosa pseudoradula",FALSE,"Mimosa pseudoradula"
"1083",1342,"Mimosa pseudoradula var. crystallites",FALSE,"Mimosa pseudoradula var. crystallites"
"1084",1343,"Mimosa pseudoradula var. detonsa",FALSE,"Mimosa pseudoradula var. detonsa"
"1085",1346,"Mimosa pseudosepiaria",FALSE,"Mimosa pseudosepiaria"
"1086",1347,"Mimosa pseudosetosa",FALSE,"Mimosa pseudosetosa"
"1087",1349,"Mimosa pseudotrachycarpa",FALSE,"Mimosa pseudotrachycarpa"
"1088",1350,"Mimosa psilocarpa",FALSE,"Mimosa psilocarpa"
"1089",1351,"Mimosa psittacina",FALSE,"Mimosa psittacina"
"1090",1352,"Mimosa psoralea",FALSE,"Mimosa psoralea"
"1091",1353,"Mimosa pteridifolia var. affinis",FALSE,"Mimosa pteridifolia var. affinis"
"1092",1354,"Mimosa pteridifolia var. armandiana",FALSE,"Mimosa pteridifolia var. armandiana"
"1093",1355,"Mimosa pteridifolia",FALSE,"Mimosa pteridifolia"
"1094",1356,"Mimosa pteridifolia var. paucipinnata",FALSE,"Mimosa pteridifolia var. paucipinnata"
"1095",1357,"Mimosa puberula",FALSE,"Mimosa puberula"
"1096",1359,"Mimosa pudica var. hispida",FALSE,"Mimosa pudica var. hispida"
"1097",1361,"Mimosa pudica",FALSE,"Mimosa pudica"
"1098",1362,"Mimosa pudica var. pudica",FALSE,"Mimosa pudica var. pudica"
"1099",1365,"Mimosa pudica var. tetrandra",FALSE,"Mimosa pudica var. tetrandra"
"1100",1366,"Mimosa pudica var. tetrandra",FALSE,"Mimosa pudica var. tetrandra"
"1101",1367,"Mimosa pudica var. unijuga",FALSE,"Mimosa pudica var. unijuga"
"1102",1368,"Mimosa pudica var. hispida",FALSE,"Mimosa pudica var. hispida"
"1103",1369,"Mimosa pudica var. tetrandra",FALSE,"Mimosa pudica var. tetrandra"
"1104",1370,"Mimosa pudica var. unijuga",FALSE,"Mimosa pudica var. unijuga"
"1105",1375,"Mimosa pueblensis",FALSE,"Mimosa pueblensis"
"1106",1376,"Mimosa pulchra",TRUE,"Mimosa pulchra"
"1107",1376,"Mimosa pulchra",TRUE,"Mimosa pulchra"
"1108",1377,"Mimosa pumilio",FALSE,"Mimosa pumilio"
"1109",1378,"Mimosa punctulata",FALSE,"Mimosa punctulata"
"1110",1380,"Mimosa pungentissima",FALSE,"Mimosa pungentissima"
"1111",1383,"Mimosa purpurascens",FALSE,"Mimosa purpurascens"
"1112",1384,"Mimosa purpusii var. calliandroides",FALSE,"Mimosa purpusii var. calliandroides"
"1113",1385,"Mimosa purpusii",FALSE,"Mimosa purpusii"
"1114",1386,"Mimosa pusilliceps",FALSE,"Mimosa pusilliceps"
"1115",1387,"Mimosa pycnocoma",FALSE,"Mimosa pycnocoma"
"1116",1388,"Mimosa pyrenea",FALSE,"Mimosa pyrenea"
"1117",1389,"Mimosa quadrangularis",TRUE,"Mimosa quadrangularis"
"1118",1389,"Mimosa quadrangularis",TRUE,"Mimosa quadrangularis"
"1119",1391,"Mimosa quadrivalvis var. angustata",FALSE,"Mimosa quadrivalvis var. angustata"
"1120",1392,"Mimosa quadrivalvis var. diffusa",FALSE,"Mimosa quadrivalvis var. diffusa"
"1121",1393,"Mimosa quadrivalvis var. distachya",FALSE,"Mimosa quadrivalvis var. distachya"
"1122",1394,"Mimosa quadrivalvis var. floridana",FALSE,"Mimosa quadrivalvis var. floridana"
"1123",1396,"Mimosa quadrivalvis var. hystricina",FALSE,"Mimosa quadrivalvis var. hystricina"
"1124",1398,"Mimosa quadrivalvis var. jaliscensis",FALSE,"Mimosa quadrivalvis var. jaliscensis"
"1125",1399,"Mimosa quadrivalvis var. latidens",FALSE,"Mimosa quadrivalvis var. latidens"
"1126",1401,"Mimosa quadrivalvis var. leptocarpa",FALSE,"Mimosa quadrivalvis var. leptocarpa"
"1127",1403,"Mimosa quadrivalvis",FALSE,"Mimosa quadrivalvis"
"1128",1404,"Mimosa quadrivalvis var. nelsonii",FALSE,"Mimosa quadrivalvis var. nelsonii"
"1129",1405,"Mimosa quadrivalvis var. nuttallii",FALSE,"Mimosa quadrivalvis var. nuttallii"
"1130",1406,"Mimosa quadrivalvis var. occidentalis",FALSE,"Mimosa quadrivalvis var. occidentalis"
"1131",1407,"Mimosa quadrivalvis var. paucijuga",FALSE,"Mimosa quadrivalvis var. paucijuga"
"1132",1408,"Mimosa quadrivalvis var. platycarpa",FALSE,"Mimosa quadrivalvis var. platycarpa"
"1133",1409,"Mimosa quadrivalvis var. quadrivalvis",FALSE,"Mimosa quadrivalvis var. quadrivalvis"
"1134",1410,"Mimosa quadrivalvis var. tetragona",FALSE,"Mimosa quadrivalvis var. tetragona"
"1135",1411,"Mimosa quadrivalvis var. leptocarpa",FALSE,"Mimosa quadrivalvis var. leptocarpa"
"1136",1414,"Mimosa quitensis",FALSE,"Mimosa quitensis"
"1137",1415,"Mimosa radula var. calycina",FALSE,"Mimosa radula var. calycina"
"1138",1416,"Mimosa radula var. imbricata",FALSE,"Mimosa radula var. imbricata"
"1139",1417,"Mimosa radula",FALSE,"Mimosa radula"
"1140",1418,"Mimosa radula var. radula",FALSE,"Mimosa radula var. radula"
"1141",1419,"Mimosa radula var. radulina",FALSE,"Mimosa radula var. radulina"
"1142",1420,"Mimosa radula var. semitonsa",FALSE,"Mimosa radula var. semitonsa"
"1143",1421,"Mimosa radula var. calycina",FALSE,"Mimosa radula var. calycina"
"1144",1422,"Mimosa radula var. imbricata",FALSE,"Mimosa radula var. imbricata"
"1145",1423,"Mimosa radula var. radulina",FALSE,"Mimosa radula var. radulina"
"1146",1424,"Mimosa radula var. semitonsa",FALSE,"Mimosa radula var. semitonsa"
"1147",1425,"Mimosa ramboi",FALSE,"Mimosa ramboi"
"1148",1426,"Mimosa ramentacea",FALSE,"Mimosa ramentacea"
"1149",1427,"Mimosa ramosissima",FALSE,"Mimosa ramosissima"
"1150",1429,"Mimosa ramulosa",FALSE,"Mimosa ramulosa"
"1151",1430,"Mimosa rastrera",FALSE,"Mimosa rastrera"
"1152",1431,"Mimosa rava",FALSE,"Mimosa rava"
"1153",1432,"Mimosa recordii",FALSE,"Mimosa recordii"
"1154",1433,"Mimosa reduviosa",FALSE,"Mimosa reduviosa"
"1155",1435,"Mimosa regina",FALSE,"Mimosa regina"
"1156",1440,"Mimosa regnellii var. aculeata",FALSE,"Mimosa regnellii var. aculeata"
"1157",1444,"Mimosa regnellii var. exuta",FALSE,"Mimosa regnellii var. exuta"
"1158",1445,"Mimosa regnellii var. grossiseta",FALSE,"Mimosa regnellii var. grossiseta"
"1159",1446,"Mimosa regnellii",FALSE,"Mimosa regnellii"
"1160",1447,"Mimosa regnellii var. pungens",FALSE,"Mimosa regnellii var. pungens"
"1161",1448,"Mimosa regnellii var. regnellii",FALSE,"Mimosa regnellii var. regnellii"
"1162",1449,"Mimosa regnellii var. supersetosa",FALSE,"Mimosa regnellii var. supersetosa"
"1163",1450,"Mimosa regnellii var. exuta",FALSE,"Mimosa regnellii var. exuta"
"1164",1451,"Mimosa regnellii var. grossiseta",FALSE,"Mimosa regnellii var. grossiseta"
"1165",1452,"Mimosa regnellii var. supersetosa",FALSE,"Mimosa regnellii var. supersetosa"
"1166",1455,"Mimosa remansoana",FALSE,"Mimosa remansoana"
"1167",1456,"Mimosa reptans",FALSE,"Mimosa reptans"
"1168",1457,"Mimosa resinifera",FALSE,"Mimosa resinifera"
"1169",1458,"Mimosa retrorsa",FALSE,"Mimosa retrorsa"
"1170",1459,"Mimosa revoluta",FALSE,"Mimosa revoluta"
"1171",1460,"Mimosa rheiptera",FALSE,"Mimosa rheiptera"
"1172",1462,"Mimosa rhodocarpa",FALSE,"Mimosa rhodocarpa"
"1173",1463,"Mimosa rhododactyla var. benthamii",FALSE,"Mimosa rhododactyla var. benthamii"
"1174",1464,"Mimosa rhododactyla var. malacocarpa",FALSE,"Mimosa rhododactyla var. malacocarpa"
"1175",1465,"Mimosa rhododactyla",FALSE,"Mimosa rhododactyla"
"1176",1466,"Mimosa rhododactyla var. pringleana",FALSE,"Mimosa rhododactyla var. pringleana"
"1177",1467,"Mimosa rhododactyla var. rhododactyla",FALSE,"Mimosa rhododactyla var. rhododactyla"
"1178",1468,"Mimosa rhodostachya",FALSE,"Mimosa rhodostachya"
"1179",1469,"Mimosa rhodostegia",FALSE,"Mimosa rhodostegia"
"1180",1470,"Mimosa riedelii",FALSE,"Mimosa riedelii"
"1181",1471,"Mimosa rigida",FALSE,"Mimosa rigida"
"1182",1472,"Mimosa rigidicaulis",FALSE,"Mimosa rigidicaulis"
"1183",1474,"Mimosa riverensis",FALSE,"Mimosa riverensis"
"1184",1476,"Mimosa rixosa",FALSE,"Mimosa rixosa"
"1185",1477,"Mimosa robusta",FALSE,"Mimosa robusta"
"1186",1478,"Mimosa rocae",FALSE,"Mimosa rocae"
"1187",1481,"Mimosa roemeriana",FALSE,"Mimosa roemeriana"
"1188",1482,"Mimosa rojasii",FALSE,"Mimosa rojasii"
"1189",1483,"Mimosa rokatavensis",FALSE,"Mimosa rokatavensis"
"1190",1485,"Mimosa rosariensis",FALSE,"Mimosa rosariensis"
"1191",1486,"Mimosa rosea",FALSE,"Mimosa rosea"
"1192",1487,"Mimosa rosei",FALSE,"Mimosa rosei"
"1193",1488,"Mimosa roseoalba",FALSE,"Mimosa roseoalba"
"1194",1490,"Mimosa rubicaulis",FALSE,"Mimosa rubicaulis"
"1195",1491,"Mimosa rubiginosa",FALSE,"Mimosa rubiginosa"
"1196",1492,"Mimosa rubra",FALSE,"Mimosa rubra"
"1197",1494,"Mimosa rudis",FALSE,"Mimosa rudis"
"1198",1495,"Mimosa rufescens var. amnis-nigri",FALSE,"Mimosa rufescens var. amnis-nigri"
"1199",1497,"Mimosa rufescens",FALSE,"Mimosa rufescens"
"1200",1498,"Mimosa rufescens var. rufescens",FALSE,"Mimosa rufescens var. rufescens"
"1201",1499,"Mimosa rufescens var. rufescens",FALSE,"Mimosa rufescens var. rufescens"
"1202",1500,"Mimosa rufipila",FALSE,"Mimosa rufipila"
"1203",1501,"Mimosa rupertiana",FALSE,"Mimosa rupertiana"
"1204",1502,"Mimosa rupestris",FALSE,"Mimosa rupestris"
"1205",1503,"Mimosa rupigena",FALSE,"Mimosa rupigena"
"1206",1504,"Mimosa rusbyana",FALSE,"Mimosa rusbyana"
"1207",1506,"Mimosa sabulicola",FALSE,"Mimosa sabulicola"
"1208",1508,"Mimosa sagotiana",FALSE,"Mimosa sagotiana"
"1209",1511,"Mimosa sanguinolenta",FALSE,"Mimosa sanguinolenta"
"1210",1513,"Mimosa savokaea",FALSE,"Mimosa savokaea"
"1211",1515,"Mimosa scabrella var. aspericarpa",FALSE,"Mimosa scabrella var. aspericarpa"
"1212",1516,"Mimosa scabrella",FALSE,"Mimosa scabrella"
"1213",1518,"Mimosa scalpens",FALSE,"Mimosa scalpens"
"1214",1520,"Mimosa sceptrum",FALSE,"Mimosa sceptrum"
"1215",1521,"Mimosa schleidenii",FALSE,"Mimosa schleidenii"
"1216",1522,"Mimosa schomburgkii",FALSE,"Mimosa schomburgkii"
"1217",1524,"Mimosa schrankioides",FALSE,"Mimosa schrankioides"
"1218",1525,"Mimosa schrankioides var. sagotiana",FALSE,"Mimosa schrankioides var. sagotiana"
"1219",1526,"Mimosa schrankioides var. schrankioides",FALSE,"Mimosa schrankioides var. schrankioides"
"1220",1529,"Mimosa selloi",FALSE,"Mimosa selloi"
"1221",1530,"Mimosa sensibilis var. aquidabani",FALSE,"Mimosa sensibilis var. aquidabani"
"1222",1531,"Mimosa sensibilis",FALSE,"Mimosa sensibilis"
"1223",1532,"Mimosa sensibilis var. sensibilis",FALSE,"Mimosa sensibilis var. sensibilis"
"1224",1536,"Mimosa sensibilis var. urucumensis",FALSE,"Mimosa sensibilis var. urucumensis"
"1225",1540,"Mimosa sensitiva var. malitiosa",FALSE,"Mimosa sensitiva var. malitiosa"
"1226",1541,"Mimosa sensitiva",FALSE,"Mimosa sensitiva"
"1227",1542,"Mimosa sensitiva var. sensitiva",FALSE,"Mimosa sensitiva var. sensitiva"
"1228",1543,"Mimosa sensitiva var. malitiosa",FALSE,"Mimosa sensitiva var. malitiosa"
"1229",1544,"Mimosa sensitiva var. sensitiva",FALSE,"Mimosa sensitiva var. sensitiva"
"1230",1546,"Mimosa sepiaria",FALSE,"Mimosa sepiaria"
"1231",1548,"Mimosa sericantha",FALSE,"Mimosa sericantha"
"1232",1549,"Mimosa serpens var. glabrifolia",FALSE,"Mimosa serpens var. glabrifolia"
"1233",1550,"Mimosa serpens",FALSE,"Mimosa serpens"
"1234",1551,"Mimosa serpensetosa",FALSE,"Mimosa serpensetosa"
"1235",1552,"Mimosa serra",FALSE,"Mimosa serra"
"1236",1553,"Mimosa setifera",FALSE,"Mimosa setifera"
"1237",1554,"Mimosa setigera",FALSE,"Mimosa setigera"
"1238",1555,"Mimosa setipes",FALSE,"Mimosa setipes"
"1239",1556,"Mimosa setistipula",FALSE,"Mimosa setistipula"
"1240",1557,"Mimosa setosa ssp paludosa",FALSE,"Mimosa setosa subsp. paludosa"
"1241",1560,"Mimosa setosa var. metadenotricha",FALSE,"Mimosa setosa var. metadenotricha"
"1242",1561,"Mimosa setosa",FALSE,"Mimosa setosa"
"1243",1562,"Mimosa setosa var. nitens",FALSE,"Mimosa setosa var. nitens"
"1244",1564,"Mimosa setosa var. paludosa",FALSE,"Mimosa setosa var. paludosa"
"1245",1565,"Mimosa setosa var. paludosa",FALSE,"Mimosa setosa var. paludosa"
"1246",1566,"Mimosa setosa var. pseudomelas",FALSE,"Mimosa setosa var. pseudomelas"
"1247",1567,"Mimosa setosa var. pseudomelas",FALSE,"Mimosa setosa var. pseudomelas"
"1248",1568,"Mimosa setosa var. rupigena",FALSE,"Mimosa setosa var. rupigena"
"1249",1569,"Mimosa setosa var. setosa",FALSE,"Mimosa setosa var. setosa"
"1250",1570,"Mimosa setosa var. urbana",FALSE,"Mimosa setosa var. urbana"
"1251",1571,"Mimosa setosa var. urbica",FALSE,"Mimosa setosa var. urbica"
"1252",1572,"Mimosa setosa var. nitens",FALSE,"Mimosa setosa var. nitens"
"1253",1573,"Mimosa setosa var. paludosa",FALSE,"Mimosa setosa var. paludosa"
"1254",1574,"Mimosa setosa var. rupigena",FALSE,"Mimosa setosa var. rupigena"
"1255",1575,"Mimosa setosa var. setosa",FALSE,"Mimosa setosa var. setosa"
"1256",1576,"Mimosa setosa var. urbica",FALSE,"Mimosa setosa var. urbica"
"1257",1577,"Mimosa setosissima",FALSE,"Mimosa setosissima"
"1258",1578,"Mimosa setuligera",FALSE,"Mimosa setuligera"
"1259",1579,"Mimosa setuliseta",FALSE,"Mimosa setuliseta"
"1260",1580,"Mimosa sevilhae",FALSE,"Mimosa sevilhae"
"1261",1581,"Mimosa sicyocarpa",FALSE,"Mimosa sicyocarpa"
"1262",1582,"Mimosa similis",FALSE,"Mimosa similis"
"1263",1584,"Mimosa simplicissima",FALSE,"Mimosa simplicissima"
"1264",1585,"Mimosa simulans",FALSE,"Mimosa simulans"
"1265",1586,"Mimosa sinaloensis",FALSE,"Mimosa sinaloensis"
"1266",1588,"Mimosa skinneri var. carajarum",FALSE,"Mimosa skinneri var. carajarum"
"1267",1589,"Mimosa skinneri var. desmodioides",FALSE,"Mimosa skinneri var. desmodioides"
"1268",1590,"Mimosa skinneri var. minima",FALSE,"Mimosa skinneri var. minima"
"1269",1591,"Mimosa skinneri",FALSE,"Mimosa skinneri"
"1270",1592,"Mimosa skinneri var. skinneri",FALSE,"Mimosa skinneri var. skinneri"
"1271",1593,"Mimosa skinneri var. desmodioides",FALSE,"Mimosa skinneri var. desmodioides"
"1272",1594,"Mimosa sobralii",FALSE,"Mimosa sobralii"
"1273",1599,"Mimosa somnambulans",FALSE,"Mimosa somnambulans"
"1274",1600,"Mimosa somnians var. aquatica",FALSE,"Mimosa somnians var. aquatica"
"1275",1601,"Mimosa somnians var. deminuta",FALSE,"Mimosa somnians var. deminuta"
"1276",1603,"Mimosa somnians var. lasiocarpa",FALSE,"Mimosa somnians var. lasiocarpa"
"1277",1604,"Mimosa somnians var. leptocaulis",FALSE,"Mimosa somnians var. leptocaulis"
"1278",1605,"Mimosa somnians var. longipes",FALSE,"Mimosa somnians var. longipes"
"1279",1606,"Mimosa somnians var. lupulina",FALSE,"Mimosa somnians var. lupulina"
"1280",1607,"Mimosa somnians",FALSE,"Mimosa somnians"
"1281",1608,"Mimosa somnians var. possensis",FALSE,"Mimosa somnians var. possensis"
"1282",1609,"Mimosa somnians var. somnians",FALSE,"Mimosa somnians var. somnians"
"1283",1610,"Mimosa somnians var. lasiocarpa",FALSE,"Mimosa somnians var. lasiocarpa"
"1284",1611,"Mimosa somnians var. leptocaulis",FALSE,"Mimosa somnians var. leptocaulis"
"1285",1612,"Mimosa somnians var. longipes",FALSE,"Mimosa somnians var. longipes"
"1286",1613,"Mimosa somnians var. lupulina",FALSE,"Mimosa somnians var. lupulina"
"1287",1614,"Mimosa somnians var. possensis",FALSE,"Mimosa somnians var. possensis"
"1288",1615,"Mimosa somnians var. somnians",FALSE,"Mimosa somnians var. somnians"
"1289",1617,"Mimosa somnians var. viscida",FALSE,"Mimosa somnians var. viscida"
"1290",1618,"Mimosa somnians var. velascoensis",FALSE,"Mimosa somnians var. velascoensis"
"1291",1621,"Mimosa somnians var. viscida",FALSE,"Mimosa somnians var. viscida"
"1292",1625,"Mimosa soratensis",FALSE,"Mimosa soratensis"
"1293",1626,"Mimosa sordida",FALSE,"Mimosa sordida"
"1294",1627,"Mimosa sousae",FALSE,"Mimosa sousae"
"1295",1631,"Mimosa sparsa",FALSE,"Mimosa sparsa"
"1296",1632,"Mimosa sparsiformis",FALSE,"Mimosa sparsiformis"
"1297",1633,"Mimosa speciosissima",FALSE,"Mimosa speciosissima"
"1298",1634,"Mimosa spegazzinii",FALSE,"Mimosa spegazzinii"
"1299",1635,"Mimosa spiciflora",FALSE,"Mimosa spiciflora"
"1300",1636,"Mimosa spirocarpa",FALSE,"Mimosa spirocarpa"
"1301",1637,"Mimosa spixiana",FALSE,"Mimosa spixiana"
"1302",1638,"Mimosa splendida",FALSE,"Mimosa splendida"
"1303",1639,"Mimosa sprengelii",FALSE,"Mimosa sprengelii"
"1304",1642,"Mimosa spruceana",FALSE,"Mimosa spruceana"
"1305",1643,"Mimosa steinbachii",FALSE,"Mimosa steinbachii"
"1306",1644,"Mimosa stenoptera",FALSE,"Mimosa stenoptera"
"1307",1645,"Mimosa stipitata",FALSE,"Mimosa stipitata"
"1308",1646,"Mimosa stipulacea",FALSE,"Mimosa stipulacea"
"1309",1647,"Mimosa stipularis",FALSE,"Mimosa stipularis"
"1310",1648,"Mimosa strigillosa",FALSE,"Mimosa strigillosa"
"1311",1649,"Mimosa strigosa",TRUE,"Mimosa strigosa"
"1312",1649,"Mimosa strigosa",TRUE,"Mimosa strigosa"
"1313",1650,"Mimosa strobiliflora",FALSE,"Mimosa strobiliflora"
"1314",1651,"Mimosa struthionoptera",FALSE,"Mimosa struthionoptera"
"1315",1652,"Mimosa studartiana",FALSE,"Mimosa studartiana"
"1316",1653,"Mimosa stylosa",FALSE,"Mimosa stylosa"
"1317",1655,"Mimosa subenervis",FALSE,"Mimosa subenervis"
"1318",1656,"Mimosa suberosa",FALSE,"Mimosa suberosa"
"1319",1657,"Mimosa subinermis",TRUE,"Mimosa subinermis"
"1320",1657,"Mimosa subinermis",TRUE,"Mimosa subinermis"
"1321",1665,"Mimosa subsericea var. hirsutostrigosa",FALSE,"Mimosa subsericea var. hirsutostrigosa"
"1322",1667,"Mimosa subsericea",FALSE,"Mimosa subsericea"
"1323",1668,"Mimosa subsericea var. strigosa",FALSE,"Mimosa subsericea var. strigosa"
"1324",1670,"Mimosa subsericea var. strigosoaculeata",FALSE,"Mimosa subsericea var. strigosoaculeata"
"1325",1672,"Mimosa suburbana",FALSE,"Mimosa suburbana"
"1326",1673,"Mimosa subvestita",FALSE,"Mimosa subvestita"
"1327",1674,"Mimosa suffruticosa",FALSE,"Mimosa suffruticosa"
"1328",1676,"Mimosa supersetosa",FALSE,"Mimosa supersetosa"
"1329",1677,"Mimosa supersetosa var. rufohispidula",FALSE,"Mimosa supersetosa var. rufohispidula"
"1330",1679,"Mimosa supersetosa var. rufohispidula",FALSE,"Mimosa supersetosa var. rufohispidula"
"1331",1680,"Mimosa supravisa",FALSE,"Mimosa supravisa"
"1332",1681,"Mimosa surumuensis",FALSE,"Mimosa surumuensis"
"1333",1685,"Mimosa taimbensis",FALSE,"Mimosa taimbensis"
"1334",1686,"Mimosa tanalarum",FALSE,"Mimosa tanalarum"
"1335",1687,"Mimosa tandilensis",FALSE,"Mimosa tandilensis"
"1336",1688,"Mimosa tarda",FALSE,"Mimosa tarda"
"1337",1689,"Mimosa taxifolia",TRUE,"Mimosa taxifolia"
"1338",1689,"Mimosa taxifolia",TRUE,"Mimosa taxifolia"
"1339",1689,"Mimosa taxifolia",TRUE,"Mimosa taxifolia"
"1340",1690,"Mimosa tejupilcana",FALSE,"Mimosa tejupilcana"
"1341",1691,"Mimosa teledactyla",FALSE,"Mimosa teledactyla"
"1342",1694,"Mimosa tenuiflora",TRUE,"Mimosa tenuiflora"
"1343",1694,"Mimosa tenuiflora",TRUE,"Mimosa tenuiflora"
"1344",1695,"Mimosa tenuifolia",TRUE,"Mimosa tenuifolia"
"1345",1695,"Mimosa tenuifolia",TRUE,"Mimosa tenuifolia"
"1346",1695,"Mimosa tenuifolia",TRUE,"Mimosa tenuifolia"
"1347",1695,"Mimosa tenuifolia",TRUE,"Mimosa tenuifolia"
"1348",1696,"Mimosa tenuipendula",FALSE,"Mimosa tenuipendula"
"1349",1697,"Mimosa tequilana",FALSE,"Mimosa tequilana"
"1350",1700,"Mimosa terribilis",FALSE,"Mimosa terribilis"
"1351",1701,"Mimosa tessmannii",FALSE,"Mimosa tessmannii"
"1352",1703,"Mimosa tetragona",FALSE,"Mimosa tetragona"
"1353",1704,"Mimosa tetrandra",FALSE,"Mimosa tetrandra"
"1354",1705,"Mimosa tetraneura",FALSE,"Mimosa tetraneura"
"1355",1706,"Mimosa texana var. filipes",FALSE,"Mimosa texana var. filipes"
"1356",1707,"Mimosa texana",FALSE,"Mimosa texana"
"1357",1708,"Mimosa texana var. texana",FALSE,"Mimosa texana var. texana"
"1358",1709,"Mimosa thermarum",FALSE,"Mimosa thermarum"
"1359",1710,"Mimosa thomista",FALSE,"Mimosa thomista"
"1360",1711,"Mimosa tobatiensis",FALSE,"Mimosa tobatiensis"
"1361",1712,"Mimosa tocantina",FALSE,"Mimosa tocantina"
"1362",1713,"Mimosa tomentosa",TRUE,"Mimosa tomentosa"
"1363",1713,"Mimosa tomentosa",TRUE,"Mimosa tomentosa"
"1364",1713,"Mimosa tomentosa",TRUE,"Mimosa tomentosa"
"1365",1713,"Mimosa tomentosa",TRUE,"Mimosa tomentosa"
"1366",1714,"Mimosa torresiae",FALSE,"Mimosa torresiae"
"1367",1715,"Mimosa tovarensis",FALSE,"Mimosa tovarensis"
"1368",1716,"Mimosa townsendii",FALSE,"Mimosa townsendii"
"1369",1717,"Mimosa trachycarpa var. inermis",FALSE,"Mimosa trachycarpa var. inermis"
"1370",1718,"Mimosa trachycarpa",FALSE,"Mimosa trachycarpa"
"1371",1719,"Mimosa trachycephala",FALSE,"Mimosa trachycephala"
"1372",1720,"Mimosa tremula",FALSE,"Mimosa tremula"
"1373",1721,"Mimosa tremula var. tenuis",FALSE,"Mimosa tremula var. tenuis"
"1374",1722,"Mimosa trianae",FALSE,"Mimosa trianae"
"1375",1723,"Mimosa tricephala var. lagunensis",FALSE,"Mimosa tricephala var. lagunensis"
"1376",1724,"Mimosa tricephala var. lignosa",FALSE,"Mimosa tricephala var. lignosa"
"1377",1725,"Mimosa tricephala",FALSE,"Mimosa tricephala"
"1378",1726,"Mimosa tricephala var. nelsonii",FALSE,"Mimosa tricephala var. nelsonii"
"1379",1727,"Mimosa tricephala var. tricephala",FALSE,"Mimosa tricephala var. tricephala"
"1380",1728,"Mimosa tricephala var. nelsonii",FALSE,"Mimosa tricephala var. nelsonii"
"1381",1729,"Mimosa tricephala var. xanti",FALSE,"Mimosa tricephala var. xanti"
"1382",1730,"Mimosa trichocephala",FALSE,"Mimosa trichocephala"
"1383",1731,"Mimosa trichodes",FALSE,"Mimosa trichodes"
"1384",1733,"Mimosa trijuga",FALSE,"Mimosa trijuga"
"1385",1734,"Mimosa trinerva",FALSE,"Mimosa trinerva"
"1386",1735,"Mimosa troncosoae",FALSE,"Mimosa troncosoae"
"1387",1736,"Mimosa tucumensis",FALSE,"Mimosa tucumensis"
"1388",1737,"Mimosa turneri",FALSE,"Mimosa turneri"
"1389",1739,"Mimosa tweedieana",FALSE,"Mimosa tweedieana"
"1390",1740,"Mimosa ulbrichiana",FALSE,"Mimosa ulbrichiana"
"1391",1741,"Mimosa ulei var. grallator",FALSE,"Mimosa ulei var. grallator"
"1392",1742,"Mimosa ulei",FALSE,"Mimosa ulei"
"1393",1743,"Mimosa ulei var. ulei",FALSE,"Mimosa ulei var. ulei"
"1394",1744,"Mimosa ulei var. grallator",FALSE,"Mimosa ulei var. grallator"
"1395",1745,"Mimosa uliginosa",FALSE,"Mimosa uliginosa"
"1396",1746,"Mimosa umbellifera",FALSE,"Mimosa umbellifera"
"1397",1747,"Mimosa uncinata",TRUE,"Mimosa uncinata"
"1398",1747,"Mimosa uncinata",TRUE,"Mimosa uncinata"
"1399",1748,"Mimosa uniceps",FALSE,"Mimosa uniceps"
"1400",1751,"Mimosa uninervis",FALSE,"Mimosa uninervis"
"1401",1752,"Mimosa unipinnata",FALSE,"Mimosa unipinnata"
"1402",1753,"Mimosa uraguensis",FALSE,"Mimosa uraguensis"
"1403",1754,"Mimosa urandiensis",FALSE,"Mimosa urandiensis"
"1404",1757,"Mimosa urbica",FALSE,"Mimosa urbica"
"1405",1759,"Mimosa uribeana",FALSE,"Mimosa uribeana"
"1406",1760,"Mimosa ursina",FALSE,"Mimosa ursina"
"1407",1761,"Mimosa urticaria",FALSE,"Mimosa urticaria"
"1408",1763,"Mimosa vasquezii",FALSE,"Mimosa vasquezii"
"1409",1765,"Mimosa velascoensis",FALSE,"Mimosa velascoensis"
"1410",1766,"Mimosa vellosiana",FALSE,"Mimosa vellosiana"
"1411",1767,"Mimosa vellosiella",FALSE,"Mimosa vellosiella"
"1412",1769,"Mimosa velloziana var. atrostipulata",FALSE,"Mimosa velloziana var. atrostipulata"
"1413",1770,"Mimosa velloziana var. glaberrima",FALSE,"Mimosa velloziana var. glaberrima"
"1414",1772,"Mimosa velloziana var. inermis",FALSE,"Mimosa velloziana var. inermis"
"1415",1773,"Mimosa velloziana var. malmeana",FALSE,"Mimosa velloziana var. malmeana"
"1416",1774,"Mimosa velloziana var. maxonii",FALSE,"Mimosa velloziana var. maxonii"
"1417",1775,"Mimosa velloziana",FALSE,"Mimosa velloziana"
"1418",1776,"Mimosa velloziana var. oranensis",FALSE,"Mimosa velloziana var. oranensis"
"1419",1781,"Mimosa venatorum",FALSE,"Mimosa venatorum"
"1420",1783,"Mimosa verecunda",FALSE,"Mimosa verecunda"
"1421",1784,"Mimosa vernicosa var. ciliata",FALSE,"Mimosa vernicosa var. ciliata"
"1422",1785,"Mimosa vernicosa",FALSE,"Mimosa vernicosa"
"1423",1786,"Mimosa verrucosa",FALSE,"Mimosa verrucosa"
"1424",1788,"Mimosa vestita",FALSE,"Mimosa vestita"
"1425",1789,"Mimosa vexans",FALSE,"Mimosa vexans"
"1426",1790,"Mimosa vilersii",FALSE,"Mimosa vilersii"
"1427",1791,"Mimosa viperina",FALSE,"Mimosa viperina"
"1428",1792,"Mimosa virgula",FALSE,"Mimosa virgula"
"1429",1793,"Mimosa virgultosa",FALSE,"Mimosa virgultosa"
"1430",1795,"Mimosa viscida",FALSE,"Mimosa viscida"
"1431",1796,"Mimosa viscosa",FALSE,"Mimosa viscosa"
"1432",1797,"Mimosa viva",TRUE,"Mimosa viva"
"1433",1797,"Mimosa viva",TRUE,"Mimosa viva"
"1434",1798,"Mimosa volubilis",FALSE,"Mimosa volubilis"
"1435",1799,"Mimosa warmingii",FALSE,"Mimosa warmingii"
"1436",1800,"Mimosa warnockii",FALSE,"Mimosa warnockii"
"1437",1801,"Mimosa waterlotii",FALSE,"Mimosa waterlotii"
"1438",1802,"Mimosa watsonii",FALSE,"Mimosa watsonii"
"1439",1803,"Mimosa watsonii var. recordii",FALSE,"Mimosa watsonii var. recordii"
"1440",1804,"Mimosa weberbaueri",FALSE,"Mimosa weberbaueri"
"1441",1806,"Mimosa weddelliana",FALSE,"Mimosa weddelliana"
"1442",1807,"Mimosa wherryana",FALSE,"Mimosa wherryana"
"1443",1808,"Mimosa widgrenii",FALSE,"Mimosa widgrenii"
"1444",1809,"Mimosa willdenowii",FALSE,"Mimosa willdenowii"
"1445",1810,"Mimosa williamsii",TRUE,"Mimosa williamsii"
"1446",1810,"Mimosa williamsii",TRUE,"Mimosa williamsii"
"1447",1811,"Mimosa woodii",FALSE,"Mimosa woodii"
"1448",1812,"Mimosa wootonii",FALSE,"Mimosa wootonii"
"1449",1813,"Mimosa wrightii",FALSE,"Mimosa wrightii"
"1450",1814,"Mimosa xanthocentra var. exilis",FALSE,"Mimosa xanthocentra var. exilis"
"1451",1815,"Mimosa xanthocentra var. longepetiolata",FALSE,"Mimosa xanthocentra var. longepetiolata"
"1452",1816,"Mimosa xanthocentra var. mansii",FALSE,"Mimosa xanthocentra var. mansii"
"1453",1817,"Mimosa xanthocentra var. miseranda",FALSE,"Mimosa xanthocentra var. miseranda"
"1454",1818,"Mimosa xanthocentra",FALSE,"Mimosa xanthocentra"
"1455",1819,"Mimosa xanthocentra var. subsericea",FALSE,"Mimosa xanthocentra var. subsericea"
"1456",1820,"Mimosa xanthocentra var. tenuis",FALSE,"Mimosa xanthocentra var. tenuis"
"1457",1821,"Mimosa xanthocentra var. tremula",FALSE,"Mimosa xanthocentra var. tremula"
"1458",1822,"Mimosa xanthocentra var. exilis",FALSE,"Mimosa xanthocentra var. exilis"
"1459",1823,"Mimosa xanthocentra var. mansii",FALSE,"Mimosa xanthocentra var. mansii"
"1460",1824,"Mimosa xanthocentra var. subsericea",FALSE,"Mimosa xanthocentra var. subsericea"
"1461",1825,"Mimosa xanthocentra var. tenuis",FALSE,"Mimosa xanthocentra var. tenuis"
"1462",1826,"Mimosa xanthocentra var. tremula",FALSE,"Mimosa xanthocentra var. tremula"
"1463",1827,"Mimosa xanthocentra var. xanthocentra",FALSE,"Mimosa xanthocentra var. xanthocentra"
"1464",1829,"Mimosa xanthocentra var. xanthocentra",FALSE,"Mimosa xanthocentra var. xanthocentra"
"1465",1830,"Mimosa xanti",FALSE,"Mimosa xanti"
"1466",1834,"Mimosa xavantinae",FALSE,"Mimosa xavantinae"
"1467",1835,"Mimosa xinguensis",FALSE,"Mimosa xinguensis"
"1468",1836,"Mimosa xiquexiquensis",FALSE,"Mimosa xiquexiquensis"
"1469",1837,"Mimosa xochipalensis",FALSE,"Mimosa xochipalensis"
"1470",1838,"Mimosa zacapana",FALSE,"Mimosa zacapana"
"1471",1839,"Mimosa zimapanensis",FALSE,"Mimosa zimapanensis"
"1472",1840,"Mimosa zygophylla",FALSE,"Mimosa zygophylla"
